"","subject","item","region","measure","proficiency","sort","condition","skips","rawdata","nozero","ambiguity","continuation","trimmed_nozero"
"193",1,28,"spillover2","fp",74,"spillover2 fp",8,0,751,751,"Unambiguous","Inconsistent",751
"195",1,46,"spillover2","fp",74,"spillover2 fp",6,0,509,509,"Unambiguous","Consistent",509
"197",1,40,"spillover2","fp",74,"spillover2 fp",8,0,716,716,"Unambiguous","Inconsistent",716
"199",1,25,"spillover2","fp",74,"spillover2 fp",5,0,872,872,"Ambiguous","Consistent",872
"201",1,42,"spillover2","fp",74,"spillover2 fp",6,0,544,544,"Unambiguous","Consistent",544
"203",1,37,"spillover2","fp",74,"spillover2 fp",5,0,934,934,"Ambiguous","Consistent",934
"205",1,26,"spillover2","fp",74,"spillover2 fp",6,0,639,639,"Unambiguous","Consistent",639
"207",1,30,"spillover2","fp",74,"spillover2 fp",6,0,164,164,"Unambiguous","Consistent",164
"209",1,32,"spillover2","fp",74,"spillover2 fp",8,0,581,581,"Unambiguous","Inconsistent",581
"211",1,31,"spillover2","fp",74,"spillover2 fp",7,0,644,644,"Ambiguous","Inconsistent",644
"213",1,47,"spillover2","fp",74,"spillover2 fp",7,0,1126,1126,"Ambiguous","Inconsistent",1126
"215",1,44,"spillover2","fp",74,"spillover2 fp",8,0,977,977,"Unambiguous","Inconsistent",977
"217",1,27,"spillover2","fp",74,"spillover2 fp",7,0,728,728,"Ambiguous","Inconsistent",728
"219",1,33,"spillover2","fp",74,"spillover2 fp",5,0,697,697,"Ambiguous","Consistent",697
"221",1,45,"spillover2","fp",74,"spillover2 fp",5,0,1066,1066,"Ambiguous","Consistent",1066
"223",1,34,"spillover2","fp",74,"spillover2 fp",6,0,821,821,"Unambiguous","Consistent",821
"225",1,35,"spillover2","fp",74,"spillover2 fp",7,0,1069,1069,"Ambiguous","Inconsistent",1069
"227",1,29,"spillover2","fp",74,"spillover2 fp",5,0,1083,1083,"Ambiguous","Consistent",1083
"229",1,41,"spillover2","fp",74,"spillover2 fp",5,0,499,499,"Ambiguous","Consistent",499
"231",1,38,"spillover2","fp",74,"spillover2 fp",6,0,486,486,"Unambiguous","Consistent",486
"233",1,43,"spillover2","fp",74,"spillover2 fp",7,0,368,368,"Ambiguous","Inconsistent",368
"235",1,39,"spillover2","fp",74,"spillover2 fp",7,0,1006,1006,"Ambiguous","Inconsistent",1006
"237",1,48,"spillover2","fp",74,"spillover2 fp",8,0,456,456,"Unambiguous","Inconsistent",456
"239",1,36,"spillover2","fp",74,"spillover2 fp",8,0,793,793,"Unambiguous","Inconsistent",793
"913",2,32,"spillover2","fp",71,"spillover2 fp",5,0,1280,1280,"Ambiguous","Consistent",1280
"915",2,48,"spillover2","fp",71,"spillover2 fp",5,0,445,445,"Ambiguous","Consistent",445
"917",2,40,"spillover2","fp",71,"spillover2 fp",5,0,623,623,"Ambiguous","Consistent",623
"919",2,28,"spillover2","fp",71,"spillover2 fp",5,0,425,425,"Ambiguous","Consistent",425
"921",2,38,"spillover2","fp",71,"spillover2 fp",7,0,311,311,"Ambiguous","Inconsistent",311
"923",2,42,"spillover2","fp",71,"spillover2 fp",7,0,213,213,"Ambiguous","Inconsistent",213
"925",2,37,"spillover2","fp",71,"spillover2 fp",6,0,1088,1088,"Unambiguous","Consistent",1088
"927",2,29,"spillover2","fp",71,"spillover2 fp",6,0,290,290,"Unambiguous","Consistent",290
"929",2,45,"spillover2","fp",71,"spillover2 fp",6,0,220,220,"Unambiguous","Consistent",220
"931",2,41,"spillover2","fp",71,"spillover2 fp",6,0,835,835,"Unambiguous","Consistent",835
"933",2,35,"spillover2","fp",71,"spillover2 fp",8,0,109,109,"Unambiguous","Inconsistent",109
"935",2,44,"spillover2","fp",71,"spillover2 fp",5,0,272,272,"Ambiguous","Consistent",272
"937",2,46,"spillover2","fp",71,"spillover2 fp",7,1,0,NA,"Ambiguous","Inconsistent",NA
"939",2,26,"spillover2","fp",71,"spillover2 fp",7,1,0,NA,"Ambiguous","Inconsistent",NA
"941",2,25,"spillover2","fp",71,"spillover2 fp",6,0,182,182,"Unambiguous","Consistent",182
"943",2,47,"spillover2","fp",71,"spillover2 fp",8,0,290,290,"Unambiguous","Inconsistent",290
"945",2,34,"spillover2","fp",71,"spillover2 fp",7,0,802,802,"Ambiguous","Inconsistent",802
"947",2,43,"spillover2","fp",71,"spillover2 fp",8,0,387,387,"Unambiguous","Inconsistent",387
"949",2,33,"spillover2","fp",71,"spillover2 fp",6,0,851,851,"Unambiguous","Consistent",851
"951",2,39,"spillover2","fp",71,"spillover2 fp",8,0,721,721,"Unambiguous","Inconsistent",721
"953",2,30,"spillover2","fp",71,"spillover2 fp",7,0,955,955,"Ambiguous","Inconsistent",955
"955",2,31,"spillover2","fp",71,"spillover2 fp",8,0,752,752,"Unambiguous","Inconsistent",752
"957",2,36,"spillover2","fp",71,"spillover2 fp",5,0,581,581,"Ambiguous","Consistent",581
"959",2,27,"spillover2","fp",71,"spillover2 fp",8,0,1320,1320,"Unambiguous","Inconsistent",1320
"1633",3,36,"spillover2","fp",72,"spillover2 fp",6,0,1307,1307,"Unambiguous","Consistent",1307
"1635",3,27,"spillover2","fp",72,"spillover2 fp",5,0,1372,1372,"Ambiguous","Consistent",1372
"1637",3,37,"spillover2","fp",72,"spillover2 fp",7,0,1039,1039,"Ambiguous","Inconsistent",1039
"1639",3,41,"spillover2","fp",72,"spillover2 fp",7,0,965,965,"Ambiguous","Inconsistent",965
"1641",3,26,"spillover2","fp",72,"spillover2 fp",8,0,888,888,"Unambiguous","Inconsistent",888
"1643",3,45,"spillover2","fp",72,"spillover2 fp",7,0,664,664,"Ambiguous","Inconsistent",664
"1645",3,42,"spillover2","fp",72,"spillover2 fp",8,0,1417,1417,"Unambiguous","Inconsistent",1417
"1647",3,47,"spillover2","fp",72,"spillover2 fp",5,0,913,913,"Ambiguous","Consistent",913
"1649",3,29,"spillover2","fp",72,"spillover2 fp",7,0,984,984,"Ambiguous","Inconsistent",984
"1651",3,34,"spillover2","fp",72,"spillover2 fp",8,0,931,931,"Unambiguous","Inconsistent",931
"1653",3,39,"spillover2","fp",72,"spillover2 fp",5,0,1046,1046,"Ambiguous","Consistent",1046
"1655",3,48,"spillover2","fp",72,"spillover2 fp",6,0,879,879,"Unambiguous","Consistent",879
"1657",3,44,"spillover2","fp",72,"spillover2 fp",6,0,787,787,"Unambiguous","Consistent",787
"1659",3,43,"spillover2","fp",72,"spillover2 fp",5,0,846,846,"Ambiguous","Consistent",846
"1661",3,28,"spillover2","fp",72,"spillover2 fp",6,0,833,833,"Unambiguous","Consistent",833
"1663",3,40,"spillover2","fp",72,"spillover2 fp",6,0,565,565,"Unambiguous","Consistent",565
"1665",3,30,"spillover2","fp",72,"spillover2 fp",8,0,1665,1665,"Unambiguous","Inconsistent",1665
"1667",3,32,"spillover2","fp",72,"spillover2 fp",6,0,665,665,"Unambiguous","Consistent",665
"1669",3,25,"spillover2","fp",72,"spillover2 fp",7,0,1442,1442,"Ambiguous","Inconsistent",1442
"1671",3,38,"spillover2","fp",72,"spillover2 fp",8,0,840,840,"Unambiguous","Inconsistent",840
"1673",3,33,"spillover2","fp",72,"spillover2 fp",7,0,883,883,"Ambiguous","Inconsistent",883
"1675",3,31,"spillover2","fp",72,"spillover2 fp",5,0,707,707,"Ambiguous","Consistent",707
"1677",3,46,"spillover2","fp",72,"spillover2 fp",8,0,1398,1398,"Unambiguous","Inconsistent",1398
"1679",3,35,"spillover2","fp",72,"spillover2 fp",5,0,593,593,"Ambiguous","Consistent",593
"2337",4,28,"spillover2","fp",66,"spillover2 fp",7,0,2103,2103,"Ambiguous","Inconsistent",2103
"2339",4,31,"spillover2","fp",66,"spillover2 fp",6,0,1678,1678,"Unambiguous","Consistent",1678
"2341",4,44,"spillover2","fp",66,"spillover2 fp",7,0,1120,1120,"Ambiguous","Inconsistent",1120
"2343",4,26,"spillover2","fp",66,"spillover2 fp",5,0,1691,1691,"Ambiguous","Consistent",1691
"2345",4,37,"spillover2","fp",66,"spillover2 fp",8,0,1656,1656,"Unambiguous","Inconsistent",1656
"2347",4,32,"spillover2","fp",66,"spillover2 fp",7,0,1182,1182,"Ambiguous","Inconsistent",1182
"2349",4,36,"spillover2","fp",66,"spillover2 fp",7,0,3716,3716,"Ambiguous","Inconsistent",3716
"2351",4,38,"spillover2","fp",66,"spillover2 fp",5,0,1669,1669,"Ambiguous","Consistent",1669
"2353",4,46,"spillover2","fp",66,"spillover2 fp",5,0,1879,1879,"Ambiguous","Consistent",1879
"2354",4,29,"spillover2","fp",66,"spillover2 fp",8,0,282,282,"Unambiguous","Inconsistent",282
"2356",4,43,"spillover2","fp",66,"spillover2 fp",6,0,1415,1415,"Unambiguous","Consistent",1415
"2358",4,33,"spillover2","fp",66,"spillover2 fp",8,0,1728,1728,"Unambiguous","Inconsistent",1728
"2360",4,45,"spillover2","fp",66,"spillover2 fp",8,0,1775,1775,"Unambiguous","Inconsistent",1775
"2362",4,30,"spillover2","fp",66,"spillover2 fp",5,0,1068,1068,"Ambiguous","Consistent",1068
"2363",4,40,"spillover2","fp",66,"spillover2 fp",7,0,1564,1564,"Ambiguous","Inconsistent",1564
"2365",4,41,"spillover2","fp",66,"spillover2 fp",8,0,1177,1177,"Unambiguous","Inconsistent",1177
"2367",4,48,"spillover2","fp",66,"spillover2 fp",7,0,1226,1226,"Ambiguous","Inconsistent",1226
"2369",4,42,"spillover2","fp",66,"spillover2 fp",5,0,2139,2139,"Ambiguous","Consistent",2139
"2370",4,25,"spillover2","fp",66,"spillover2 fp",8,0,1807,1807,"Unambiguous","Inconsistent",1807
"2372",4,27,"spillover2","fp",66,"spillover2 fp",6,0,1337,1337,"Unambiguous","Consistent",1337
"2374",4,47,"spillover2","fp",66,"spillover2 fp",6,0,1949,1949,"Unambiguous","Consistent",1949
"2376",4,39,"spillover2","fp",66,"spillover2 fp",6,0,1380,1380,"Unambiguous","Consistent",1380
"2378",4,34,"spillover2","fp",66,"spillover2 fp",5,0,1869,1869,"Ambiguous","Consistent",1869
"2379",4,35,"spillover2","fp",66,"spillover2 fp",6,0,1152,1152,"Unambiguous","Consistent",1152
"3014",5,42,"spillover2","fp",71,"spillover2 fp",6,0,933,933,"Unambiguous","Consistent",933
"3016",5,47,"spillover2","fp",71,"spillover2 fp",7,0,1024,1024,"Ambiguous","Inconsistent",1024
"3018",5,25,"spillover2","fp",71,"spillover2 fp",5,0,1599,1599,"Ambiguous","Consistent",1599
"3020",5,43,"spillover2","fp",71,"spillover2 fp",7,0,800,800,"Ambiguous","Inconsistent",800
"3022",5,33,"spillover2","fp",71,"spillover2 fp",5,0,1421,1421,"Ambiguous","Consistent",1421
"3024",5,41,"spillover2","fp",71,"spillover2 fp",5,0,838,838,"Ambiguous","Consistent",838
"3026",5,29,"spillover2","fp",71,"spillover2 fp",5,0,2009,2009,"Ambiguous","Consistent",2009
"3028",5,39,"spillover2","fp",71,"spillover2 fp",7,0,1503,1503,"Ambiguous","Inconsistent",1503
"3030",5,40,"spillover2","fp",71,"spillover2 fp",8,0,586,586,"Unambiguous","Inconsistent",586
"3032",5,28,"spillover2","fp",71,"spillover2 fp",8,0,215,215,"Unambiguous","Inconsistent",215
"3034",5,46,"spillover2","fp",71,"spillover2 fp",6,0,1210,1210,"Unambiguous","Consistent",1210
"3036",5,31,"spillover2","fp",71,"spillover2 fp",7,0,1111,1111,"Ambiguous","Inconsistent",1111
"3038",5,36,"spillover2","fp",71,"spillover2 fp",8,0,1449,1449,"Unambiguous","Inconsistent",1449
"3040",5,27,"spillover2","fp",71,"spillover2 fp",7,0,1257,1257,"Ambiguous","Inconsistent",1257
"3042",5,38,"spillover2","fp",71,"spillover2 fp",6,0,1311,1311,"Unambiguous","Consistent",1311
"3044",5,26,"spillover2","fp",71,"spillover2 fp",6,0,538,538,"Unambiguous","Consistent",538
"3046",5,44,"spillover2","fp",71,"spillover2 fp",8,0,2071,2071,"Unambiguous","Inconsistent",2071
"3048",5,45,"spillover2","fp",71,"spillover2 fp",5,0,1079,1079,"Ambiguous","Consistent",1079
"3050",5,30,"spillover2","fp",71,"spillover2 fp",6,0,948,948,"Unambiguous","Consistent",948
"3052",5,32,"spillover2","fp",71,"spillover2 fp",8,0,1161,1161,"Unambiguous","Inconsistent",1161
"3054",5,37,"spillover2","fp",71,"spillover2 fp",5,0,1469,1469,"Ambiguous","Consistent",1469
"3056",5,34,"spillover2","fp",71,"spillover2 fp",6,0,1003,1003,"Unambiguous","Consistent",1003
"3058",5,48,"spillover2","fp",71,"spillover2 fp",8,0,863,863,"Unambiguous","Inconsistent",863
"3060",5,35,"spillover2","fp",71,"spillover2 fp",7,0,890,890,"Ambiguous","Inconsistent",890
"3733",6,48,"spillover2","fp",70,"spillover2 fp",5,0,940,940,"Ambiguous","Consistent",940
"3735",6,40,"spillover2","fp",70,"spillover2 fp",5,0,419,419,"Ambiguous","Consistent",419
"3737",6,28,"spillover2","fp",70,"spillover2 fp",5,0,609,609,"Ambiguous","Consistent",609
"3739",6,46,"spillover2","fp",70,"spillover2 fp",7,0,1084,1084,"Ambiguous","Inconsistent",1084
"3741",6,30,"spillover2","fp",70,"spillover2 fp",7,0,148,148,"Ambiguous","Inconsistent",148
"3743",6,31,"spillover2","fp",70,"spillover2 fp",8,0,995,995,"Unambiguous","Inconsistent",995
"3745",6,38,"spillover2","fp",70,"spillover2 fp",7,0,292,292,"Ambiguous","Inconsistent",292
"3747",6,35,"spillover2","fp",70,"spillover2 fp",8,0,723,723,"Unambiguous","Inconsistent",723
"3749",6,44,"spillover2","fp",70,"spillover2 fp",5,0,567,567,"Ambiguous","Consistent",567
"3751",6,29,"spillover2","fp",70,"spillover2 fp",6,0,1154,1154,"Unambiguous","Consistent",1154
"3753",6,32,"spillover2","fp",70,"spillover2 fp",5,0,873,873,"Ambiguous","Consistent",873
"3755",6,47,"spillover2","fp",70,"spillover2 fp",8,0,1143,1143,"Unambiguous","Inconsistent",1143
"3757",6,41,"spillover2","fp",70,"spillover2 fp",6,0,967,967,"Unambiguous","Consistent",967
"3759",6,33,"spillover2","fp",70,"spillover2 fp",6,0,1323,1323,"Unambiguous","Consistent",1323
"3761",6,27,"spillover2","fp",70,"spillover2 fp",8,0,886,886,"Unambiguous","Inconsistent",886
"3763",6,25,"spillover2","fp",70,"spillover2 fp",6,0,1776,1776,"Unambiguous","Consistent",1776
"3765",6,39,"spillover2","fp",70,"spillover2 fp",8,0,1543,1543,"Unambiguous","Inconsistent",1543
"3767",6,42,"spillover2","fp",70,"spillover2 fp",7,0,174,174,"Ambiguous","Inconsistent",174
"3769",6,45,"spillover2","fp",70,"spillover2 fp",6,0,716,716,"Unambiguous","Consistent",716
"3771",6,36,"spillover2","fp",70,"spillover2 fp",5,0,998,998,"Ambiguous","Consistent",998
"3773",6,34,"spillover2","fp",70,"spillover2 fp",7,0,1594,1594,"Ambiguous","Inconsistent",1594
"3775",6,37,"spillover2","fp",70,"spillover2 fp",6,0,1278,1278,"Unambiguous","Consistent",1278
"3777",6,26,"spillover2","fp",70,"spillover2 fp",7,0,992,992,"Ambiguous","Inconsistent",992
"3779",6,43,"spillover2","fp",70,"spillover2 fp",8,0,1015,1015,"Unambiguous","Inconsistent",1015
"4453",7,47,"spillover2","fp",63,"spillover2 fp",5,0,827,827,"Ambiguous","Consistent",827
"4455",7,31,"spillover2","fp",63,"spillover2 fp",5,0,716,716,"Ambiguous","Consistent",716
"4457",7,30,"spillover2","fp",63,"spillover2 fp",8,0,185,185,"Unambiguous","Inconsistent",185
"4459",7,44,"spillover2","fp",63,"spillover2 fp",6,0,541,541,"Unambiguous","Consistent",541
"4461",7,42,"spillover2","fp",63,"spillover2 fp",8,0,262,262,"Unambiguous","Inconsistent",262
"4463",7,38,"spillover2","fp",63,"spillover2 fp",8,0,703,703,"Unambiguous","Inconsistent",703
"4465",7,39,"spillover2","fp",63,"spillover2 fp",5,0,1036,1036,"Ambiguous","Consistent",1036
"4467",7,37,"spillover2","fp",63,"spillover2 fp",7,0,452,452,"Ambiguous","Inconsistent",452
"4469",7,28,"spillover2","fp",63,"spillover2 fp",6,0,382,382,"Unambiguous","Consistent",382
"4471",7,27,"spillover2","fp",63,"spillover2 fp",5,0,501,501,"Ambiguous","Consistent",501
"4473",7,34,"spillover2","fp",63,"spillover2 fp",8,0,666,666,"Unambiguous","Inconsistent",666
"4475",7,32,"spillover2","fp",63,"spillover2 fp",6,0,529,529,"Unambiguous","Consistent",529
"4477",7,36,"spillover2","fp",63,"spillover2 fp",6,0,605,605,"Unambiguous","Consistent",605
"4479",7,35,"spillover2","fp",63,"spillover2 fp",5,0,745,745,"Ambiguous","Consistent",745
"4481",7,45,"spillover2","fp",63,"spillover2 fp",7,0,722,722,"Ambiguous","Inconsistent",722
"4483",7,33,"spillover2","fp",63,"spillover2 fp",7,0,391,391,"Ambiguous","Inconsistent",391
"4485",7,29,"spillover2","fp",63,"spillover2 fp",7,0,1554,1554,"Ambiguous","Inconsistent",1554
"4487",7,48,"spillover2","fp",63,"spillover2 fp",6,0,273,273,"Unambiguous","Consistent",273
"4489",7,26,"spillover2","fp",63,"spillover2 fp",8,0,554,554,"Unambiguous","Inconsistent",554
"4491",7,41,"spillover2","fp",63,"spillover2 fp",7,0,662,662,"Ambiguous","Inconsistent",662
"4493",7,25,"spillover2","fp",63,"spillover2 fp",7,0,649,649,"Ambiguous","Inconsistent",649
"4495",7,40,"spillover2","fp",63,"spillover2 fp",6,0,507,507,"Unambiguous","Consistent",507
"4497",7,43,"spillover2","fp",63,"spillover2 fp",5,0,683,683,"Ambiguous","Consistent",683
"4499",7,46,"spillover2","fp",63,"spillover2 fp",8,0,1439,1439,"Unambiguous","Inconsistent",1439
"5174",8,35,"spillover2","fp",63,"spillover2 fp",6,0,178,178,"Unambiguous","Consistent",178
"5176",8,41,"spillover2","fp",63,"spillover2 fp",8,0,490,490,"Unambiguous","Inconsistent",490
"5178",8,47,"spillover2","fp",63,"spillover2 fp",6,0,395,395,"Unambiguous","Consistent",395
"5180",8,29,"spillover2","fp",63,"spillover2 fp",8,0,944,944,"Unambiguous","Inconsistent",944
"5182",8,28,"spillover2","fp",63,"spillover2 fp",7,0,384,384,"Ambiguous","Inconsistent",384
"5184",8,46,"spillover2","fp",63,"spillover2 fp",5,0,439,439,"Ambiguous","Consistent",439
"5186",8,31,"spillover2","fp",63,"spillover2 fp",6,0,365,365,"Unambiguous","Consistent",365
"5188",8,44,"spillover2","fp",63,"spillover2 fp",7,0,1107,1107,"Ambiguous","Inconsistent",1107
"5190",8,39,"spillover2","fp",63,"spillover2 fp",6,0,726,726,"Unambiguous","Consistent",726
"5192",8,36,"spillover2","fp",63,"spillover2 fp",7,0,401,401,"Ambiguous","Inconsistent",401
"5194",8,38,"spillover2","fp",63,"spillover2 fp",5,0,354,354,"Ambiguous","Consistent",354
"5196",8,32,"spillover2","fp",63,"spillover2 fp",7,0,436,436,"Ambiguous","Inconsistent",436
"5198",8,34,"spillover2","fp",63,"spillover2 fp",5,0,659,659,"Ambiguous","Consistent",659
"5200",8,30,"spillover2","fp",63,"spillover2 fp",5,0,393,393,"Ambiguous","Consistent",393
"5202",8,26,"spillover2","fp",63,"spillover2 fp",5,0,476,476,"Ambiguous","Consistent",476
"5204",8,40,"spillover2","fp",63,"spillover2 fp",7,0,614,614,"Ambiguous","Inconsistent",614
"5206",8,33,"spillover2","fp",63,"spillover2 fp",8,0,315,315,"Unambiguous","Inconsistent",315
"5208",8,37,"spillover2","fp",63,"spillover2 fp",8,0,667,667,"Unambiguous","Inconsistent",667
"5210",8,25,"spillover2","fp",63,"spillover2 fp",8,0,1277,1277,"Unambiguous","Inconsistent",1277
"5212",8,45,"spillover2","fp",63,"spillover2 fp",8,0,582,582,"Unambiguous","Inconsistent",582
"5214",8,27,"spillover2","fp",63,"spillover2 fp",6,0,452,452,"Unambiguous","Consistent",452
"5216",8,43,"spillover2","fp",63,"spillover2 fp",6,0,250,250,"Unambiguous","Consistent",250
"5218",8,48,"spillover2","fp",63,"spillover2 fp",7,0,618,618,"Ambiguous","Inconsistent",618
"5220",8,42,"spillover2","fp",63,"spillover2 fp",5,0,828,828,"Ambiguous","Consistent",828
"5893",9,29,"spillover2","fp",70,"spillover2 fp",5,0,1048,1048,"Ambiguous","Consistent",1048
"5895",9,31,"spillover2","fp",70,"spillover2 fp",7,0,964,964,"Ambiguous","Inconsistent",964
"5897",9,44,"spillover2","fp",70,"spillover2 fp",8,0,678,678,"Unambiguous","Inconsistent",678
"5899",9,32,"spillover2","fp",70,"spillover2 fp",8,0,1134,1134,"Unambiguous","Inconsistent",1134
"5901",9,26,"spillover2","fp",70,"spillover2 fp",6,0,556,556,"Unambiguous","Consistent",556
"5903",9,33,"spillover2","fp",70,"spillover2 fp",5,0,582,582,"Ambiguous","Consistent",582
"5905",9,47,"spillover2","fp",70,"spillover2 fp",7,0,710,710,"Ambiguous","Inconsistent",710
"5907",9,45,"spillover2","fp",70,"spillover2 fp",5,0,578,578,"Ambiguous","Consistent",578
"5909",9,37,"spillover2","fp",70,"spillover2 fp",5,0,852,852,"Ambiguous","Consistent",852
"5911",9,46,"spillover2","fp",70,"spillover2 fp",6,0,874,874,"Unambiguous","Consistent",874
"5913",9,25,"spillover2","fp",70,"spillover2 fp",5,0,1478,1478,"Ambiguous","Consistent",1478
"5915",9,40,"spillover2","fp",70,"spillover2 fp",8,0,584,584,"Unambiguous","Inconsistent",584
"5917",9,27,"spillover2","fp",70,"spillover2 fp",7,0,820,820,"Ambiguous","Inconsistent",820
"5919",9,41,"spillover2","fp",70,"spillover2 fp",5,0,734,734,"Ambiguous","Consistent",734
"5921",9,30,"spillover2","fp",70,"spillover2 fp",6,0,864,864,"Unambiguous","Consistent",864
"5923",9,38,"spillover2","fp",70,"spillover2 fp",6,0,560,560,"Unambiguous","Consistent",560
"5925",9,39,"spillover2","fp",70,"spillover2 fp",7,0,940,940,"Ambiguous","Inconsistent",940
"5927",9,43,"spillover2","fp",70,"spillover2 fp",7,0,822,822,"Ambiguous","Inconsistent",822
"5929",9,28,"spillover2","fp",70,"spillover2 fp",8,0,1172,1172,"Unambiguous","Inconsistent",1172
"5931",9,34,"spillover2","fp",70,"spillover2 fp",6,0,340,340,"Unambiguous","Consistent",340
"5933",9,36,"spillover2","fp",70,"spillover2 fp",8,0,962,962,"Unambiguous","Inconsistent",962
"5935",9,35,"spillover2","fp",70,"spillover2 fp",7,0,808,808,"Ambiguous","Inconsistent",808
"5937",9,48,"spillover2","fp",70,"spillover2 fp",8,0,688,688,"Unambiguous","Inconsistent",688
"5939",9,42,"spillover2","fp",70,"spillover2 fp",6,0,854,854,"Unambiguous","Consistent",854
"6614",10,30,"spillover2","fp",70,"spillover2 fp",7,0,972,972,"Ambiguous","Inconsistent",972
"6616",10,32,"spillover2","fp",70,"spillover2 fp",5,0,932,932,"Ambiguous","Consistent",932
"6618",10,41,"spillover2","fp",70,"spillover2 fp",6,0,606,606,"Unambiguous","Consistent",606
"6620",10,36,"spillover2","fp",70,"spillover2 fp",5,0,902,902,"Ambiguous","Consistent",902
"6622",10,40,"spillover2","fp",70,"spillover2 fp",5,0,654,654,"Ambiguous","Consistent",654
"6624",10,27,"spillover2","fp",70,"spillover2 fp",8,0,146,146,"Unambiguous","Inconsistent",146
"6626",10,46,"spillover2","fp",70,"spillover2 fp",7,0,294,294,"Ambiguous","Inconsistent",294
"6628",10,42,"spillover2","fp",70,"spillover2 fp",7,0,1062,1062,"Ambiguous","Inconsistent",1062
"6630",10,37,"spillover2","fp",70,"spillover2 fp",6,0,640,640,"Unambiguous","Consistent",640
"6632",10,28,"spillover2","fp",70,"spillover2 fp",5,0,470,470,"Ambiguous","Consistent",470
"6634",10,35,"spillover2","fp",70,"spillover2 fp",8,0,654,654,"Unambiguous","Inconsistent",654
"6636",10,48,"spillover2","fp",70,"spillover2 fp",5,0,658,658,"Ambiguous","Consistent",658
"6638",10,33,"spillover2","fp",70,"spillover2 fp",6,0,532,532,"Unambiguous","Consistent",532
"6640",10,25,"spillover2","fp",70,"spillover2 fp",6,0,812,812,"Unambiguous","Consistent",812
"6642",10,29,"spillover2","fp",70,"spillover2 fp",6,0,1142,1142,"Unambiguous","Consistent",1142
"6644",10,31,"spillover2","fp",70,"spillover2 fp",8,0,400,400,"Unambiguous","Inconsistent",400
"6646",10,44,"spillover2","fp",70,"spillover2 fp",5,0,604,604,"Ambiguous","Consistent",604
"6648",10,34,"spillover2","fp",70,"spillover2 fp",7,0,762,762,"Ambiguous","Inconsistent",762
"6650",10,26,"spillover2","fp",70,"spillover2 fp",7,0,560,560,"Ambiguous","Inconsistent",560
"6652",10,39,"spillover2","fp",70,"spillover2 fp",8,0,1082,1082,"Unambiguous","Inconsistent",1082
"6654",10,47,"spillover2","fp",70,"spillover2 fp",8,0,516,516,"Unambiguous","Inconsistent",516
"6656",10,38,"spillover2","fp",70,"spillover2 fp",7,0,564,564,"Ambiguous","Inconsistent",564
"6658",10,45,"spillover2","fp",70,"spillover2 fp",6,0,542,542,"Unambiguous","Consistent",542
"6660",10,43,"spillover2","fp",70,"spillover2 fp",8,0,768,768,"Unambiguous","Inconsistent",768
"7334",11,25,"spillover2","fp",73,"spillover2 fp",7,0,1316,1316,"Ambiguous","Inconsistent",1316
"7336",11,45,"spillover2","fp",73,"spillover2 fp",7,0,1224,1224,"Ambiguous","Inconsistent",1224
"7338",11,26,"spillover2","fp",73,"spillover2 fp",8,0,890,890,"Unambiguous","Inconsistent",890
"7340",11,46,"spillover2","fp",73,"spillover2 fp",8,0,1040,1040,"Unambiguous","Inconsistent",1040
"7342",11,27,"spillover2","fp",73,"spillover2 fp",5,0,2240,2240,"Ambiguous","Consistent",2240
"7344",11,31,"spillover2","fp",73,"spillover2 fp",5,0,1118,1118,"Ambiguous","Consistent",1118
"7346",11,41,"spillover2","fp",73,"spillover2 fp",7,0,984,984,"Ambiguous","Inconsistent",984
"7348",11,30,"spillover2","fp",73,"spillover2 fp",8,0,426,426,"Unambiguous","Inconsistent",426
"7350",11,38,"spillover2","fp",73,"spillover2 fp",8,0,900,900,"Unambiguous","Inconsistent",900
"7352",11,47,"spillover2","fp",73,"spillover2 fp",5,0,1940,1940,"Ambiguous","Consistent",1940
"7354",11,36,"spillover2","fp",73,"spillover2 fp",6,0,1668,1668,"Unambiguous","Consistent",1668
"7356",11,37,"spillover2","fp",73,"spillover2 fp",7,0,342,342,"Ambiguous","Inconsistent",342
"7358",11,32,"spillover2","fp",73,"spillover2 fp",6,0,866,866,"Unambiguous","Consistent",866
"7360",11,44,"spillover2","fp",73,"spillover2 fp",6,0,1204,1204,"Unambiguous","Consistent",1204
"7362",11,43,"spillover2","fp",73,"spillover2 fp",5,0,1470,1470,"Ambiguous","Consistent",1470
"7364",11,28,"spillover2","fp",73,"spillover2 fp",6,0,848,848,"Unambiguous","Consistent",848
"7366",11,48,"spillover2","fp",73,"spillover2 fp",6,0,758,758,"Unambiguous","Consistent",758
"7368",11,42,"spillover2","fp",73,"spillover2 fp",8,0,162,162,"Unambiguous","Inconsistent",162
"7370",11,40,"spillover2","fp",73,"spillover2 fp",6,0,1188,1188,"Unambiguous","Consistent",1188
"7372",11,35,"spillover2","fp",73,"spillover2 fp",5,0,1756,1756,"Ambiguous","Consistent",1756
"7374",11,33,"spillover2","fp",73,"spillover2 fp",7,0,1038,1038,"Ambiguous","Inconsistent",1038
"7376",11,39,"spillover2","fp",73,"spillover2 fp",5,0,1360,1360,"Ambiguous","Consistent",1360
"7378",11,29,"spillover2","fp",73,"spillover2 fp",7,0,1298,1298,"Ambiguous","Inconsistent",1298
"7380",11,34,"spillover2","fp",73,"spillover2 fp",8,0,916,916,"Unambiguous","Inconsistent",916
"8054",12,33,"spillover2","fp",69,"spillover2 fp",6,0,1809,1809,"Unambiguous","Consistent",1809
"8056",12,34,"spillover2","fp",69,"spillover2 fp",7,0,424,424,"Ambiguous","Inconsistent",424
"8058",12,43,"spillover2","fp",69,"spillover2 fp",8,0,343,343,"Unambiguous","Inconsistent",343
"8060",12,35,"spillover2","fp",69,"spillover2 fp",8,0,416,416,"Unambiguous","Inconsistent",416
"8062",12,38,"spillover2","fp",69,"spillover2 fp",7,0,314,314,"Ambiguous","Inconsistent",314
"8064",12,44,"spillover2","fp",69,"spillover2 fp",5,0,465,465,"Ambiguous","Consistent",465
"8066",12,25,"spillover2","fp",69,"spillover2 fp",6,0,809,809,"Unambiguous","Consistent",809
"8068",12,36,"spillover2","fp",69,"spillover2 fp",5,0,898,898,"Ambiguous","Consistent",898
"8070",12,28,"spillover2","fp",69,"spillover2 fp",5,0,333,333,"Ambiguous","Consistent",333
"8072",12,31,"spillover2","fp",69,"spillover2 fp",8,0,649,649,"Unambiguous","Inconsistent",649
"8074",12,29,"spillover2","fp",69,"spillover2 fp",6,0,1045,1045,"Unambiguous","Consistent",1045
"8076",12,30,"spillover2","fp",69,"spillover2 fp",7,0,391,391,"Ambiguous","Inconsistent",391
"8078",12,45,"spillover2","fp",69,"spillover2 fp",6,0,858,858,"Unambiguous","Consistent",858
"8080",12,27,"spillover2","fp",69,"spillover2 fp",8,0,218,218,"Unambiguous","Inconsistent",218
"8082",12,46,"spillover2","fp",69,"spillover2 fp",7,0,110,110,"Ambiguous","Inconsistent",110
"8084",12,41,"spillover2","fp",69,"spillover2 fp",6,0,319,319,"Unambiguous","Consistent",319
"8086",12,37,"spillover2","fp",69,"spillover2 fp",6,0,197,197,"Unambiguous","Consistent",197
"8088",12,32,"spillover2","fp",69,"spillover2 fp",5,0,406,406,"Ambiguous","Consistent",406
"8090",12,42,"spillover2","fp",69,"spillover2 fp",7,0,128,128,"Ambiguous","Inconsistent",128
"8092",12,47,"spillover2","fp",69,"spillover2 fp",8,0,812,812,"Unambiguous","Inconsistent",812
"8094",12,48,"spillover2","fp",69,"spillover2 fp",5,0,1182,1182,"Ambiguous","Consistent",1182
"8096",12,39,"spillover2","fp",69,"spillover2 fp",8,0,396,396,"Unambiguous","Inconsistent",396
"8098",12,26,"spillover2","fp",69,"spillover2 fp",7,0,457,457,"Ambiguous","Inconsistent",457
"8100",12,40,"spillover2","fp",69,"spillover2 fp",5,0,325,325,"Ambiguous","Consistent",325
"8773",13,47,"spillover2","fp",75,"spillover2 fp",6,0,1198,1198,"Unambiguous","Consistent",1198
"8775",13,27,"spillover2","fp",75,"spillover2 fp",6,0,1166,1166,"Unambiguous","Consistent",1166
"8777",13,41,"spillover2","fp",75,"spillover2 fp",8,0,308,308,"Unambiguous","Inconsistent",308
"8779",13,35,"spillover2","fp",75,"spillover2 fp",6,0,1020,1020,"Unambiguous","Consistent",1020
"8781",13,37,"spillover2","fp",75,"spillover2 fp",8,0,1312,1312,"Unambiguous","Inconsistent",1312
"8783",13,43,"spillover2","fp",75,"spillover2 fp",6,0,424,424,"Unambiguous","Consistent",424
"8785",13,44,"spillover2","fp",75,"spillover2 fp",7,0,920,920,"Ambiguous","Inconsistent",920
"8787",13,46,"spillover2","fp",75,"spillover2 fp",5,0,1126,1126,"Ambiguous","Consistent",1126
"8789",13,25,"spillover2","fp",75,"spillover2 fp",8,0,790,790,"Unambiguous","Inconsistent",790
"8791",13,30,"spillover2","fp",75,"spillover2 fp",5,0,934,934,"Ambiguous","Consistent",934
"8793",13,29,"spillover2","fp",75,"spillover2 fp",8,0,1680,1680,"Unambiguous","Inconsistent",1680
"8795",13,31,"spillover2","fp",75,"spillover2 fp",6,0,432,432,"Unambiguous","Consistent",432
"8797",13,38,"spillover2","fp",75,"spillover2 fp",5,0,848,848,"Ambiguous","Consistent",848
"8799",13,32,"spillover2","fp",75,"spillover2 fp",7,0,938,938,"Ambiguous","Inconsistent",938
"8801",13,34,"spillover2","fp",75,"spillover2 fp",5,0,1070,1070,"Ambiguous","Consistent",1070
"8803",13,26,"spillover2","fp",75,"spillover2 fp",5,0,174,174,"Ambiguous","Consistent",174
"8805",13,39,"spillover2","fp",75,"spillover2 fp",6,0,1298,1298,"Unambiguous","Consistent",1298
"8807",13,33,"spillover2","fp",75,"spillover2 fp",8,0,974,974,"Unambiguous","Inconsistent",974
"8809",13,36,"spillover2","fp",75,"spillover2 fp",7,0,2030,2030,"Ambiguous","Inconsistent",2030
"8811",13,48,"spillover2","fp",75,"spillover2 fp",7,0,1194,1194,"Ambiguous","Inconsistent",1194
"8813",13,40,"spillover2","fp",75,"spillover2 fp",7,0,864,864,"Ambiguous","Inconsistent",864
"8815",13,45,"spillover2","fp",75,"spillover2 fp",8,0,1074,1074,"Unambiguous","Inconsistent",1074
"8817",13,42,"spillover2","fp",75,"spillover2 fp",5,0,1224,1224,"Ambiguous","Consistent",1224
"8819",13,28,"spillover2","fp",75,"spillover2 fp",7,0,552,552,"Ambiguous","Inconsistent",552
"9494",14,41,"spillover2","fp",68,"spillover2 fp",5,0,482,482,"Ambiguous","Consistent",482
"9496",14,34,"spillover2","fp",68,"spillover2 fp",6,0,790,790,"Unambiguous","Consistent",790
"9498",14,35,"spillover2","fp",68,"spillover2 fp",7,0,596,596,"Ambiguous","Inconsistent",596
"9500",14,27,"spillover2","fp",68,"spillover2 fp",7,0,1408,1408,"Ambiguous","Inconsistent",1408
"9502",14,44,"spillover2","fp",68,"spillover2 fp",8,0,718,718,"Unambiguous","Inconsistent",718
"9504",14,33,"spillover2","fp",68,"spillover2 fp",5,0,1030,1030,"Ambiguous","Consistent",1030
"9506",14,28,"spillover2","fp",68,"spillover2 fp",8,0,326,326,"Unambiguous","Inconsistent",326
"9508",14,26,"spillover2","fp",68,"spillover2 fp",6,0,494,494,"Unambiguous","Consistent",494
"9510",14,37,"spillover2","fp",68,"spillover2 fp",5,0,620,620,"Ambiguous","Consistent",620
"9512",14,36,"spillover2","fp",68,"spillover2 fp",8,0,1288,1288,"Unambiguous","Inconsistent",1288
"9514",14,46,"spillover2","fp",68,"spillover2 fp",6,0,526,526,"Unambiguous","Consistent",526
"9516",14,29,"spillover2","fp",68,"spillover2 fp",5,0,878,878,"Ambiguous","Consistent",878
"9518",14,38,"spillover2","fp",68,"spillover2 fp",6,0,1348,1348,"Unambiguous","Consistent",1348
"9520",14,39,"spillover2","fp",68,"spillover2 fp",7,0,202,202,"Ambiguous","Inconsistent",202
"9522",14,47,"spillover2","fp",68,"spillover2 fp",7,0,1078,1078,"Ambiguous","Inconsistent",1078
"9524",14,25,"spillover2","fp",68,"spillover2 fp",5,0,910,910,"Ambiguous","Consistent",910
"9526",14,48,"spillover2","fp",68,"spillover2 fp",8,0,534,534,"Unambiguous","Inconsistent",534
"9528",14,42,"spillover2","fp",68,"spillover2 fp",6,0,514,514,"Unambiguous","Consistent",514
"9530",14,45,"spillover2","fp",68,"spillover2 fp",5,0,740,740,"Ambiguous","Consistent",740
"9532",14,43,"spillover2","fp",68,"spillover2 fp",7,0,934,934,"Ambiguous","Inconsistent",934
"9534",14,32,"spillover2","fp",68,"spillover2 fp",8,0,942,942,"Unambiguous","Inconsistent",942
"9536",14,40,"spillover2","fp",68,"spillover2 fp",8,0,470,470,"Unambiguous","Inconsistent",470
"9538",14,30,"spillover2","fp",68,"spillover2 fp",6,0,444,444,"Unambiguous","Consistent",444
"9540",14,31,"spillover2","fp",68,"spillover2 fp",7,0,664,664,"Ambiguous","Inconsistent",664
"10198",15,34,"spillover2","fp",77,"spillover2 fp",7,0,208,208,"Ambiguous","Inconsistent",208
"10200",15,30,"spillover2","fp",77,"spillover2 fp",7,0,606,606,"Ambiguous","Inconsistent",606
"10202",15,35,"spillover2","fp",77,"spillover2 fp",8,0,816,816,"Unambiguous","Inconsistent",816
"10204",15,38,"spillover2","fp",77,"spillover2 fp",7,0,1084,1084,"Ambiguous","Inconsistent",1084
"10206",15,46,"spillover2","fp",77,"spillover2 fp",7,0,786,786,"Ambiguous","Inconsistent",786
"10207",15,36,"spillover2","fp",77,"spillover2 fp",5,0,1790,1790,"Ambiguous","Consistent",1790
"10209",15,25,"spillover2","fp",77,"spillover2 fp",6,0,796,796,"Unambiguous","Consistent",796
"10211",15,28,"spillover2","fp",77,"spillover2 fp",5,0,610,610,"Ambiguous","Consistent",610
"10213",15,33,"spillover2","fp",77,"spillover2 fp",6,0,496,496,"Unambiguous","Consistent",496
"10215",15,42,"spillover2","fp",77,"spillover2 fp",7,0,556,556,"Ambiguous","Inconsistent",556
"10217",15,45,"spillover2","fp",77,"spillover2 fp",6,0,854,854,"Unambiguous","Consistent",854
"10219",15,29,"spillover2","fp",77,"spillover2 fp",6,0,810,810,"Unambiguous","Consistent",810
"10221",15,41,"spillover2","fp",77,"spillover2 fp",6,0,358,358,"Unambiguous","Consistent",358
"10223",15,31,"spillover2","fp",77,"spillover2 fp",8,0,486,486,"Unambiguous","Inconsistent",486
"10225",15,47,"spillover2","fp",77,"spillover2 fp",8,0,656,656,"Unambiguous","Inconsistent",656
"10226",15,37,"spillover2","fp",77,"spillover2 fp",6,0,634,634,"Unambiguous","Consistent",634
"10228",15,27,"spillover2","fp",77,"spillover2 fp",8,0,894,894,"Unambiguous","Inconsistent",894
"10229",15,48,"spillover2","fp",77,"spillover2 fp",5,0,994,994,"Ambiguous","Consistent",994
"10231",15,40,"spillover2","fp",77,"spillover2 fp",5,0,290,290,"Ambiguous","Consistent",290
"10233",15,43,"spillover2","fp",77,"spillover2 fp",8,0,542,542,"Unambiguous","Inconsistent",542
"10235",15,39,"spillover2","fp",77,"spillover2 fp",8,0,618,618,"Unambiguous","Inconsistent",618
"10237",15,26,"spillover2","fp",77,"spillover2 fp",7,0,928,928,"Ambiguous","Inconsistent",928
"10238",15,44,"spillover2","fp",77,"spillover2 fp",5,0,710,710,"Ambiguous","Consistent",710
"10240",15,32,"spillover2","fp",77,"spillover2 fp",5,0,988,988,"Ambiguous","Consistent",988
"10874",16,33,"spillover2","fp",89,"spillover2 fp",7,0,806,806,"Ambiguous","Inconsistent",806
"10876",16,25,"spillover2","fp",89,"spillover2 fp",7,0,1118,1118,"Ambiguous","Inconsistent",1118
"10878",16,36,"spillover2","fp",89,"spillover2 fp",6,0,1130,1130,"Unambiguous","Consistent",1130
"10880",16,47,"spillover2","fp",89,"spillover2 fp",5,0,674,674,"Ambiguous","Consistent",674
"10882",16,48,"spillover2","fp",89,"spillover2 fp",6,0,642,642,"Unambiguous","Consistent",642
"10884",16,30,"spillover2","fp",89,"spillover2 fp",8,0,120,120,"Unambiguous","Inconsistent",120
"10886",16,27,"spillover2","fp",89,"spillover2 fp",5,0,600,600,"Ambiguous","Consistent",600
"10888",16,41,"spillover2","fp",89,"spillover2 fp",7,0,932,932,"Ambiguous","Inconsistent",932
"10890",16,46,"spillover2","fp",89,"spillover2 fp",8,0,826,826,"Unambiguous","Inconsistent",826
"10892",16,38,"spillover2","fp",89,"spillover2 fp",8,0,920,920,"Unambiguous","Inconsistent",920
"10894",16,44,"spillover2","fp",89,"spillover2 fp",6,0,440,440,"Unambiguous","Consistent",440
"10896",16,28,"spillover2","fp",89,"spillover2 fp",6,0,466,466,"Unambiguous","Consistent",466
"10898",16,31,"spillover2","fp",89,"spillover2 fp",5,0,188,188,"Ambiguous","Consistent",188
"10900",16,29,"spillover2","fp",89,"spillover2 fp",7,0,536,536,"Ambiguous","Inconsistent",536
"10902",16,37,"spillover2","fp",89,"spillover2 fp",7,0,1098,1098,"Ambiguous","Inconsistent",1098
"10904",16,32,"spillover2","fp",89,"spillover2 fp",6,0,680,680,"Unambiguous","Consistent",680
"10906",16,43,"spillover2","fp",89,"spillover2 fp",5,0,492,492,"Ambiguous","Consistent",492
"10908",16,26,"spillover2","fp",89,"spillover2 fp",8,0,630,630,"Unambiguous","Inconsistent",630
"10910",16,34,"spillover2","fp",89,"spillover2 fp",8,0,848,848,"Unambiguous","Inconsistent",848
"10912",16,35,"spillover2","fp",89,"spillover2 fp",5,0,350,350,"Ambiguous","Consistent",350
"10914",16,42,"spillover2","fp",89,"spillover2 fp",8,0,732,732,"Unambiguous","Inconsistent",732
"10916",16,45,"spillover2","fp",89,"spillover2 fp",7,0,470,470,"Ambiguous","Inconsistent",470
"10918",16,40,"spillover2","fp",89,"spillover2 fp",6,0,648,648,"Unambiguous","Consistent",648
"10920",16,39,"spillover2","fp",89,"spillover2 fp",5,0,1008,1008,"Ambiguous","Consistent",1008
"11594",17,35,"spillover2","fp",82,"spillover2 fp",6,0,826,826,"Unambiguous","Consistent",826
"11596",17,40,"spillover2","fp",82,"spillover2 fp",7,0,640,640,"Ambiguous","Inconsistent",640
"11598",17,42,"spillover2","fp",82,"spillover2 fp",5,0,956,956,"Ambiguous","Consistent",956
"11600",17,31,"spillover2","fp",82,"spillover2 fp",6,0,934,934,"Unambiguous","Consistent",934
"11602",17,33,"spillover2","fp",82,"spillover2 fp",8,0,1282,1282,"Unambiguous","Inconsistent",1282
"11604",17,29,"spillover2","fp",82,"spillover2 fp",8,0,1692,1692,"Unambiguous","Inconsistent",1692
"11606",17,28,"spillover2","fp",82,"spillover2 fp",7,0,728,728,"Ambiguous","Inconsistent",728
"11608",17,41,"spillover2","fp",82,"spillover2 fp",8,0,140,140,"Unambiguous","Inconsistent",140
"11610",17,44,"spillover2","fp",82,"spillover2 fp",7,0,644,644,"Ambiguous","Inconsistent",644
"11612",17,37,"spillover2","fp",82,"spillover2 fp",8,0,780,780,"Unambiguous","Inconsistent",780
"11614",17,30,"spillover2","fp",82,"spillover2 fp",5,0,794,794,"Ambiguous","Consistent",794
"11616",17,38,"spillover2","fp",82,"spillover2 fp",5,0,616,616,"Ambiguous","Consistent",616
"11618",17,47,"spillover2","fp",82,"spillover2 fp",6,0,926,926,"Unambiguous","Consistent",926
"11620",17,32,"spillover2","fp",82,"spillover2 fp",7,0,1148,1148,"Ambiguous","Inconsistent",1148
"11622",17,45,"spillover2","fp",82,"spillover2 fp",8,0,1020,1020,"Unambiguous","Inconsistent",1020
"11624",17,39,"spillover2","fp",82,"spillover2 fp",6,0,880,880,"Unambiguous","Consistent",880
"11626",17,27,"spillover2","fp",82,"spillover2 fp",6,0,260,260,"Unambiguous","Consistent",260
"11628",17,43,"spillover2","fp",82,"spillover2 fp",6,0,596,596,"Unambiguous","Consistent",596
"11630",17,48,"spillover2","fp",82,"spillover2 fp",7,0,706,706,"Ambiguous","Inconsistent",706
"11632",17,34,"spillover2","fp",82,"spillover2 fp",5,0,446,446,"Ambiguous","Consistent",446
"11634",17,25,"spillover2","fp",82,"spillover2 fp",8,0,408,408,"Unambiguous","Inconsistent",408
"11636",17,36,"spillover2","fp",82,"spillover2 fp",7,0,946,946,"Ambiguous","Inconsistent",946
"11638",17,26,"spillover2","fp",82,"spillover2 fp",5,0,870,870,"Ambiguous","Consistent",870
"11640",17,46,"spillover2","fp",82,"spillover2 fp",5,0,210,210,"Ambiguous","Consistent",210
"12314",18,47,"spillover2","fp",89,"spillover2 fp",7,0,760,760,"Ambiguous","Inconsistent",760
"12316",18,28,"spillover2","fp",89,"spillover2 fp",8,0,638,638,"Unambiguous","Inconsistent",638
"12318",18,27,"spillover2","fp",89,"spillover2 fp",7,0,484,484,"Ambiguous","Inconsistent",484
"12320",18,38,"spillover2","fp",89,"spillover2 fp",6,0,590,590,"Unambiguous","Consistent",590
"12322",18,34,"spillover2","fp",89,"spillover2 fp",6,0,996,996,"Unambiguous","Consistent",996
"12324",18,39,"spillover2","fp",89,"spillover2 fp",7,0,272,272,"Ambiguous","Inconsistent",272
"12326",18,31,"spillover2","fp",89,"spillover2 fp",7,0,1056,1056,"Ambiguous","Inconsistent",1056
"12328",18,37,"spillover2","fp",89,"spillover2 fp",5,0,594,594,"Ambiguous","Consistent",594
"12330",18,45,"spillover2","fp",89,"spillover2 fp",5,0,664,664,"Ambiguous","Consistent",664
"12332",18,40,"spillover2","fp",89,"spillover2 fp",8,0,354,354,"Unambiguous","Inconsistent",354
"12334",18,33,"spillover2","fp",89,"spillover2 fp",5,0,648,648,"Ambiguous","Consistent",648
"12336",18,48,"spillover2","fp",89,"spillover2 fp",8,0,778,778,"Unambiguous","Inconsistent",778
"12338",18,30,"spillover2","fp",89,"spillover2 fp",6,0,858,858,"Unambiguous","Consistent",858
"12340",18,42,"spillover2","fp",89,"spillover2 fp",6,0,940,940,"Unambiguous","Consistent",940
"12342",18,25,"spillover2","fp",89,"spillover2 fp",5,0,902,902,"Ambiguous","Consistent",902
"12344",18,32,"spillover2","fp",89,"spillover2 fp",8,0,1350,1350,"Unambiguous","Inconsistent",1350
"12346",18,44,"spillover2","fp",89,"spillover2 fp",8,0,484,484,"Unambiguous","Inconsistent",484
"12348",18,29,"spillover2","fp",89,"spillover2 fp",5,0,838,838,"Ambiguous","Consistent",838
"12350",18,41,"spillover2","fp",89,"spillover2 fp",5,0,1192,1192,"Ambiguous","Consistent",1192
"12352",18,35,"spillover2","fp",89,"spillover2 fp",7,0,1062,1062,"Ambiguous","Inconsistent",1062
"12354",18,46,"spillover2","fp",89,"spillover2 fp",6,0,1346,1346,"Unambiguous","Consistent",1346
"12356",18,26,"spillover2","fp",89,"spillover2 fp",6,0,618,618,"Unambiguous","Consistent",618
"12358",18,36,"spillover2","fp",89,"spillover2 fp",8,0,514,514,"Unambiguous","Inconsistent",514
"12360",18,43,"spillover2","fp",89,"spillover2 fp",7,0,802,802,"Ambiguous","Inconsistent",802
"13033",19,29,"spillover2","fp",53,"spillover2 fp",6,0,602,602,"Unambiguous","Consistent",602
"13035",19,45,"spillover2","fp",53,"spillover2 fp",6,0,558,558,"Unambiguous","Consistent",558
"13037",19,27,"spillover2","fp",53,"spillover2 fp",8,0,612,612,"Unambiguous","Inconsistent",612
"13039",19,46,"spillover2","fp",53,"spillover2 fp",7,0,328,328,"Ambiguous","Inconsistent",328
"13041",19,41,"spillover2","fp",53,"spillover2 fp",6,0,604,604,"Unambiguous","Consistent",604
"13043",19,30,"spillover2","fp",53,"spillover2 fp",7,0,614,614,"Ambiguous","Inconsistent",614
"13045",19,47,"spillover2","fp",53,"spillover2 fp",8,0,748,748,"Unambiguous","Inconsistent",748
"13047",19,33,"spillover2","fp",53,"spillover2 fp",6,0,476,476,"Unambiguous","Consistent",476
"13049",19,39,"spillover2","fp",53,"spillover2 fp",8,0,828,828,"Unambiguous","Inconsistent",828
"13051",19,40,"spillover2","fp",53,"spillover2 fp",5,0,356,356,"Ambiguous","Consistent",356
"13053",19,48,"spillover2","fp",53,"spillover2 fp",5,0,624,624,"Ambiguous","Consistent",624
"13055",19,32,"spillover2","fp",53,"spillover2 fp",5,0,372,372,"Ambiguous","Consistent",372
"13057",19,42,"spillover2","fp",53,"spillover2 fp",7,0,802,802,"Ambiguous","Inconsistent",802
"13059",19,31,"spillover2","fp",53,"spillover2 fp",8,0,578,578,"Unambiguous","Inconsistent",578
"13061",19,34,"spillover2","fp",53,"spillover2 fp",7,0,678,678,"Ambiguous","Inconsistent",678
"13063",19,35,"spillover2","fp",53,"spillover2 fp",8,0,452,452,"Unambiguous","Inconsistent",452
"13065",19,37,"spillover2","fp",53,"spillover2 fp",6,0,450,450,"Unambiguous","Consistent",450
"13067",19,26,"spillover2","fp",53,"spillover2 fp",7,0,462,462,"Ambiguous","Inconsistent",462
"13069",19,43,"spillover2","fp",53,"spillover2 fp",8,0,818,818,"Unambiguous","Inconsistent",818
"13071",19,25,"spillover2","fp",53,"spillover2 fp",6,0,760,760,"Unambiguous","Consistent",760
"13073",19,28,"spillover2","fp",53,"spillover2 fp",5,0,418,418,"Ambiguous","Consistent",418
"13075",19,44,"spillover2","fp",53,"spillover2 fp",5,0,444,444,"Ambiguous","Consistent",444
"13077",19,36,"spillover2","fp",53,"spillover2 fp",5,0,284,284,"Ambiguous","Consistent",284
"13079",19,38,"spillover2","fp",53,"spillover2 fp",7,0,190,190,"Ambiguous","Inconsistent",190
"13753",20,41,"spillover2","fp",81,"spillover2 fp",7,0,136,136,"Ambiguous","Inconsistent",136
"13755",20,37,"spillover2","fp",81,"spillover2 fp",7,0,638,638,"Ambiguous","Inconsistent",638
"13757",20,47,"spillover2","fp",81,"spillover2 fp",5,0,866,866,"Ambiguous","Consistent",866
"13759",20,25,"spillover2","fp",81,"spillover2 fp",7,0,1406,1406,"Ambiguous","Inconsistent",1406
"13761",20,39,"spillover2","fp",81,"spillover2 fp",5,0,118,118,"Ambiguous","Consistent",118
"13763",20,40,"spillover2","fp",81,"spillover2 fp",6,0,574,574,"Unambiguous","Consistent",574
"13765",20,30,"spillover2","fp",81,"spillover2 fp",8,0,648,648,"Unambiguous","Inconsistent",648
"13767",20,34,"spillover2","fp",81,"spillover2 fp",8,0,2006,2006,"Unambiguous","Inconsistent",2006
"13769",20,26,"spillover2","fp",81,"spillover2 fp",8,0,822,822,"Unambiguous","Inconsistent",822
"13771",20,28,"spillover2","fp",81,"spillover2 fp",6,0,898,898,"Unambiguous","Consistent",898
"13773",20,36,"spillover2","fp",81,"spillover2 fp",6,0,830,830,"Unambiguous","Consistent",830
"13775",20,45,"spillover2","fp",81,"spillover2 fp",7,0,672,672,"Ambiguous","Inconsistent",672
"13777",20,42,"spillover2","fp",81,"spillover2 fp",8,0,1822,1822,"Unambiguous","Inconsistent",1822
"13779",20,29,"spillover2","fp",81,"spillover2 fp",7,0,836,836,"Ambiguous","Inconsistent",836
"13781",20,44,"spillover2","fp",81,"spillover2 fp",6,0,700,700,"Unambiguous","Consistent",700
"13783",20,46,"spillover2","fp",81,"spillover2 fp",8,0,890,890,"Unambiguous","Inconsistent",890
"13785",20,32,"spillover2","fp",81,"spillover2 fp",6,0,1028,1028,"Unambiguous","Consistent",1028
"13787",20,38,"spillover2","fp",81,"spillover2 fp",8,0,974,974,"Unambiguous","Inconsistent",974
"13789",20,43,"spillover2","fp",81,"spillover2 fp",5,0,610,610,"Ambiguous","Consistent",610
"13791",20,33,"spillover2","fp",81,"spillover2 fp",7,0,1134,1134,"Ambiguous","Inconsistent",1134
"13793",20,31,"spillover2","fp",81,"spillover2 fp",5,0,192,192,"Ambiguous","Consistent",192
"13795",20,35,"spillover2","fp",81,"spillover2 fp",5,0,786,786,"Ambiguous","Consistent",786
"13797",20,48,"spillover2","fp",81,"spillover2 fp",6,0,362,362,"Unambiguous","Consistent",362
"13799",20,27,"spillover2","fp",81,"spillover2 fp",5,0,500,500,"Ambiguous","Consistent",500
"14473",21,31,"spillover2","fp",86,"spillover2 fp",6,0,114,114,"Unambiguous","Consistent",114
"14475",21,37,"spillover2","fp",86,"spillover2 fp",8,0,1270,1270,"Unambiguous","Inconsistent",1270
"14477",21,36,"spillover2","fp",86,"spillover2 fp",7,0,136,136,"Ambiguous","Inconsistent",136
"14479",21,46,"spillover2","fp",86,"spillover2 fp",5,0,1374,1374,"Ambiguous","Consistent",1374
"14481",21,28,"spillover2","fp",86,"spillover2 fp",7,0,814,814,"Ambiguous","Inconsistent",814
"14483",21,34,"spillover2","fp",86,"spillover2 fp",5,0,1002,1002,"Ambiguous","Consistent",1002
"14485",21,35,"spillover2","fp",86,"spillover2 fp",6,0,704,704,"Unambiguous","Consistent",704
"14487",21,48,"spillover2","fp",86,"spillover2 fp",7,0,934,934,"Ambiguous","Inconsistent",934
"14489",21,47,"spillover2","fp",86,"spillover2 fp",6,0,724,724,"Unambiguous","Consistent",724
"14491",21,40,"spillover2","fp",86,"spillover2 fp",7,0,762,762,"Ambiguous","Inconsistent",762
"14493",21,41,"spillover2","fp",86,"spillover2 fp",8,0,856,856,"Unambiguous","Inconsistent",856
"14495",21,44,"spillover2","fp",86,"spillover2 fp",7,0,872,872,"Ambiguous","Inconsistent",872
"14497",21,43,"spillover2","fp",86,"spillover2 fp",6,0,1828,1828,"Unambiguous","Consistent",1828
"14499",21,25,"spillover2","fp",86,"spillover2 fp",8,0,1420,1420,"Unambiguous","Inconsistent",1420
"14501",21,39,"spillover2","fp",86,"spillover2 fp",6,0,784,784,"Unambiguous","Consistent",784
"14503",21,32,"spillover2","fp",86,"spillover2 fp",7,0,1290,1290,"Ambiguous","Inconsistent",1290
"14505",21,27,"spillover2","fp",86,"spillover2 fp",6,0,944,944,"Unambiguous","Consistent",944
"14507",21,26,"spillover2","fp",86,"spillover2 fp",5,0,490,490,"Ambiguous","Consistent",490
"14509",21,45,"spillover2","fp",86,"spillover2 fp",8,0,1258,1258,"Unambiguous","Inconsistent",1258
"14511",21,38,"spillover2","fp",86,"spillover2 fp",5,0,922,922,"Ambiguous","Consistent",922
"14513",21,33,"spillover2","fp",86,"spillover2 fp",8,0,414,414,"Unambiguous","Inconsistent",414
"14515",21,30,"spillover2","fp",86,"spillover2 fp",5,0,776,776,"Ambiguous","Consistent",776
"14517",21,29,"spillover2","fp",86,"spillover2 fp",8,0,1340,1340,"Unambiguous","Inconsistent",1340
"14519",21,42,"spillover2","fp",86,"spillover2 fp",5,0,808,808,"Ambiguous","Consistent",808
"15194",22,47,"spillover2","fp",53,"spillover2 fp",7,0,938,938,"Ambiguous","Inconsistent",938
"15196",22,36,"spillover2","fp",53,"spillover2 fp",8,0,948,948,"Unambiguous","Inconsistent",948
"15198",22,25,"spillover2","fp",53,"spillover2 fp",5,0,1650,1650,"Ambiguous","Consistent",1650
"15200",22,43,"spillover2","fp",53,"spillover2 fp",7,0,720,720,"Ambiguous","Inconsistent",720
"15202",22,27,"spillover2","fp",53,"spillover2 fp",7,0,1382,1382,"Ambiguous","Inconsistent",1382
"15204",22,38,"spillover2","fp",53,"spillover2 fp",6,0,808,808,"Unambiguous","Consistent",808
"15206",22,35,"spillover2","fp",53,"spillover2 fp",7,0,1030,1030,"Ambiguous","Inconsistent",1030
"15208",22,40,"spillover2","fp",53,"spillover2 fp",8,0,752,752,"Unambiguous","Inconsistent",752
"15210",22,45,"spillover2","fp",53,"spillover2 fp",5,0,622,622,"Ambiguous","Consistent",622
"15212",22,39,"spillover2","fp",53,"spillover2 fp",7,0,834,834,"Ambiguous","Inconsistent",834
"15214",22,28,"spillover2","fp",53,"spillover2 fp",8,0,1060,1060,"Unambiguous","Inconsistent",1060
"15216",22,42,"spillover2","fp",53,"spillover2 fp",6,0,1178,1178,"Unambiguous","Consistent",1178
"15218",22,37,"spillover2","fp",53,"spillover2 fp",5,0,742,742,"Ambiguous","Consistent",742
"15220",22,30,"spillover2","fp",53,"spillover2 fp",6,0,1230,1230,"Unambiguous","Consistent",1230
"15222",22,31,"spillover2","fp",53,"spillover2 fp",7,0,880,880,"Ambiguous","Inconsistent",880
"15224",22,32,"spillover2","fp",53,"spillover2 fp",8,0,498,498,"Unambiguous","Inconsistent",498
"15226",22,46,"spillover2","fp",53,"spillover2 fp",6,0,814,814,"Unambiguous","Consistent",814
"15228",22,34,"spillover2","fp",53,"spillover2 fp",6,0,786,786,"Unambiguous","Consistent",786
"15230",22,33,"spillover2","fp",53,"spillover2 fp",5,0,702,702,"Ambiguous","Consistent",702
"15232",22,26,"spillover2","fp",53,"spillover2 fp",6,0,770,770,"Unambiguous","Consistent",770
"15234",22,29,"spillover2","fp",53,"spillover2 fp",5,0,1148,1148,"Ambiguous","Consistent",1148
"15236",22,41,"spillover2","fp",53,"spillover2 fp",5,0,846,846,"Ambiguous","Consistent",846
"15238",22,48,"spillover2","fp",53,"spillover2 fp",8,0,1182,1182,"Unambiguous","Inconsistent",1182
"15240",22,44,"spillover2","fp",53,"spillover2 fp",8,0,698,698,"Unambiguous","Inconsistent",698
"15914",23,34,"spillover2","fp",79,"spillover2 fp",8,0,1103,1103,"Unambiguous","Inconsistent",1103
"15916",23,28,"spillover2","fp",79,"spillover2 fp",6,0,710,710,"Unambiguous","Consistent",710
"15918",23,43,"spillover2","fp",79,"spillover2 fp",5,0,651,651,"Ambiguous","Consistent",651
"15920",23,33,"spillover2","fp",79,"spillover2 fp",7,0,853,853,"Ambiguous","Inconsistent",853
"15922",23,45,"spillover2","fp",79,"spillover2 fp",7,0,2211,2211,"Ambiguous","Inconsistent",2211
"15924",23,35,"spillover2","fp",79,"spillover2 fp",5,0,705,705,"Ambiguous","Consistent",705
"15926",23,37,"spillover2","fp",79,"spillover2 fp",7,0,831,831,"Ambiguous","Inconsistent",831
"15928",23,29,"spillover2","fp",79,"spillover2 fp",7,0,1086,1086,"Ambiguous","Inconsistent",1086
"15930",23,38,"spillover2","fp",79,"spillover2 fp",8,0,898,898,"Unambiguous","Inconsistent",898
"15932",23,32,"spillover2","fp",79,"spillover2 fp",6,0,650,650,"Unambiguous","Consistent",650
"15934",23,30,"spillover2","fp",79,"spillover2 fp",8,0,1242,1242,"Unambiguous","Inconsistent",1242
"15936",23,44,"spillover2","fp",79,"spillover2 fp",6,0,1013,1013,"Unambiguous","Consistent",1013
"15938",23,31,"spillover2","fp",79,"spillover2 fp",5,0,189,189,"Ambiguous","Consistent",189
"15940",23,41,"spillover2","fp",79,"spillover2 fp",7,0,930,930,"Ambiguous","Inconsistent",930
"15942",23,26,"spillover2","fp",79,"spillover2 fp",8,0,648,648,"Unambiguous","Inconsistent",648
"15944",23,36,"spillover2","fp",79,"spillover2 fp",6,0,2364,2364,"Unambiguous","Consistent",2364
"15946",23,47,"spillover2","fp",79,"spillover2 fp",5,0,613,613,"Ambiguous","Consistent",613
"15948",23,40,"spillover2","fp",79,"spillover2 fp",6,0,525,525,"Unambiguous","Consistent",525
"15950",23,39,"spillover2","fp",79,"spillover2 fp",5,0,1039,1039,"Ambiguous","Consistent",1039
"15952",23,46,"spillover2","fp",79,"spillover2 fp",8,0,774,774,"Unambiguous","Inconsistent",774
"15954",23,42,"spillover2","fp",79,"spillover2 fp",8,0,1065,1065,"Unambiguous","Inconsistent",1065
"15956",23,25,"spillover2","fp",79,"spillover2 fp",7,0,353,353,"Ambiguous","Inconsistent",353
"15958",23,48,"spillover2","fp",79,"spillover2 fp",6,0,651,651,"Unambiguous","Consistent",651
"15960",23,27,"spillover2","fp",79,"spillover2 fp",5,0,659,659,"Ambiguous","Consistent",659
"16630",24,34,"spillover2","fp",86,"spillover2 fp",7,0,1260,1260,"Ambiguous","Inconsistent",1260
"16631",24,39,"spillover2","fp",86,"spillover2 fp",8,0,1494,1494,"Unambiguous","Inconsistent",1494
"16633",24,46,"spillover2","fp",86,"spillover2 fp",7,0,1074,1074,"Ambiguous","Inconsistent",1074
"16635",24,44,"spillover2","fp",86,"spillover2 fp",5,0,1074,1074,"Ambiguous","Consistent",1074
"16637",24,30,"spillover2","fp",86,"spillover2 fp",7,0,1348,1348,"Ambiguous","Inconsistent",1348
"16639",24,40,"spillover2","fp",86,"spillover2 fp",5,0,726,726,"Ambiguous","Consistent",726
"16641",24,37,"spillover2","fp",86,"spillover2 fp",6,0,2400,2400,"Unambiguous","Consistent",2400
"16643",24,31,"spillover2","fp",86,"spillover2 fp",8,0,1072,1072,"Unambiguous","Inconsistent",1072
"16645",24,26,"spillover2","fp",86,"spillover2 fp",7,0,1124,1124,"Ambiguous","Inconsistent",1124
"16647",24,42,"spillover2","fp",86,"spillover2 fp",7,0,854,854,"Ambiguous","Inconsistent",854
"16649",24,27,"spillover2","fp",86,"spillover2 fp",8,0,146,146,"Unambiguous","Inconsistent",146
"16651",24,35,"spillover2","fp",86,"spillover2 fp",8,0,280,280,"Unambiguous","Inconsistent",280
"16653",24,48,"spillover2","fp",86,"spillover2 fp",5,0,1294,1294,"Ambiguous","Consistent",1294
"16655",24,32,"spillover2","fp",86,"spillover2 fp",5,0,1336,1336,"Ambiguous","Consistent",1336
"16657",24,36,"spillover2","fp",86,"spillover2 fp",5,0,952,952,"Ambiguous","Consistent",952
"16659",24,38,"spillover2","fp",86,"spillover2 fp",7,0,634,634,"Ambiguous","Inconsistent",634
"16661",24,45,"spillover2","fp",86,"spillover2 fp",6,0,1008,1008,"Unambiguous","Consistent",1008
"16663",24,33,"spillover2","fp",86,"spillover2 fp",6,0,666,666,"Unambiguous","Consistent",666
"16665",24,28,"spillover2","fp",86,"spillover2 fp",5,0,1074,1074,"Ambiguous","Consistent",1074
"16667",24,41,"spillover2","fp",86,"spillover2 fp",6,0,712,712,"Unambiguous","Consistent",712
"16669",24,43,"spillover2","fp",86,"spillover2 fp",8,0,942,942,"Unambiguous","Inconsistent",942
"16671",24,25,"spillover2","fp",86,"spillover2 fp",6,0,1080,1080,"Unambiguous","Consistent",1080
"16673",24,29,"spillover2","fp",86,"spillover2 fp",6,0,2390,2390,"Unambiguous","Consistent",2390
"16675",24,47,"spillover2","fp",86,"spillover2 fp",8,0,962,962,"Unambiguous","Inconsistent",962
"17338",25,29,"spillover2","fp",52,"spillover2 fp",7,0,772,772,"Ambiguous","Inconsistent",772
"17340",25,43,"spillover2","fp",52,"spillover2 fp",5,0,710,710,"Ambiguous","Consistent",710
"17342",25,34,"spillover2","fp",52,"spillover2 fp",8,0,524,524,"Unambiguous","Inconsistent",524
"17344",25,46,"spillover2","fp",52,"spillover2 fp",8,0,476,476,"Unambiguous","Inconsistent",476
"17346",25,26,"spillover2","fp",52,"spillover2 fp",8,0,318,318,"Unambiguous","Inconsistent",318
"17348",25,37,"spillover2","fp",52,"spillover2 fp",7,0,518,518,"Ambiguous","Inconsistent",518
"17350",25,45,"spillover2","fp",52,"spillover2 fp",7,0,482,482,"Ambiguous","Inconsistent",482
"17352",25,44,"spillover2","fp",52,"spillover2 fp",6,0,332,332,"Unambiguous","Consistent",332
"17354",25,35,"spillover2","fp",52,"spillover2 fp",5,0,478,478,"Ambiguous","Consistent",478
"17356",25,47,"spillover2","fp",52,"spillover2 fp",5,0,282,282,"Ambiguous","Consistent",282
"17358",25,27,"spillover2","fp",52,"spillover2 fp",5,0,644,644,"Ambiguous","Consistent",644
"17360",25,32,"spillover2","fp",52,"spillover2 fp",6,0,338,338,"Unambiguous","Consistent",338
"17362",25,25,"spillover2","fp",52,"spillover2 fp",7,0,628,628,"Ambiguous","Inconsistent",628
"17364",25,31,"spillover2","fp",52,"spillover2 fp",5,0,270,270,"Ambiguous","Consistent",270
"17366",25,38,"spillover2","fp",52,"spillover2 fp",8,0,358,358,"Unambiguous","Inconsistent",358
"17368",25,36,"spillover2","fp",52,"spillover2 fp",6,0,602,602,"Unambiguous","Consistent",602
"17370",25,48,"spillover2","fp",52,"spillover2 fp",6,0,452,452,"Unambiguous","Consistent",452
"17372",25,40,"spillover2","fp",52,"spillover2 fp",6,0,250,250,"Unambiguous","Consistent",250
"17374",25,42,"spillover2","fp",52,"spillover2 fp",8,0,522,522,"Unambiguous","Inconsistent",522
"17376",25,28,"spillover2","fp",52,"spillover2 fp",6,0,402,402,"Unambiguous","Consistent",402
"17378",25,33,"spillover2","fp",52,"spillover2 fp",7,0,462,462,"Ambiguous","Inconsistent",462
"17380",25,41,"spillover2","fp",52,"spillover2 fp",7,0,516,516,"Ambiguous","Inconsistent",516
"17382",25,30,"spillover2","fp",52,"spillover2 fp",8,0,458,458,"Unambiguous","Inconsistent",458
"17384",25,39,"spillover2","fp",52,"spillover2 fp",5,0,350,350,"Ambiguous","Consistent",350
"18058",26,42,"spillover2","fp",83,"spillover2 fp",5,0,1674,1674,"Ambiguous","Consistent",1674
"18060",26,37,"spillover2","fp",83,"spillover2 fp",8,0,1150,1150,"Unambiguous","Inconsistent",1150
"18062",26,26,"spillover2","fp",83,"spillover2 fp",5,0,1048,1048,"Ambiguous","Consistent",1048
"18064",26,33,"spillover2","fp",83,"spillover2 fp",8,0,1070,1070,"Unambiguous","Inconsistent",1070
"18066",26,31,"spillover2","fp",83,"spillover2 fp",6,0,1188,1188,"Unambiguous","Consistent",1188
"18068",26,47,"spillover2","fp",83,"spillover2 fp",6,0,1812,1812,"Unambiguous","Consistent",1812
"18070",26,43,"spillover2","fp",83,"spillover2 fp",6,0,970,970,"Unambiguous","Consistent",970
"18072",26,27,"spillover2","fp",83,"spillover2 fp",6,0,850,850,"Unambiguous","Consistent",850
"18074",26,38,"spillover2","fp",83,"spillover2 fp",5,0,936,936,"Ambiguous","Consistent",936
"18076",26,46,"spillover2","fp",83,"spillover2 fp",5,0,1034,1034,"Ambiguous","Consistent",1034
"18078",26,34,"spillover2","fp",83,"spillover2 fp",5,0,1062,1062,"Ambiguous","Consistent",1062
"18080",26,45,"spillover2","fp",83,"spillover2 fp",8,0,872,872,"Unambiguous","Inconsistent",872
"18082",26,44,"spillover2","fp",83,"spillover2 fp",7,0,748,748,"Ambiguous","Inconsistent",748
"18084",26,39,"spillover2","fp",83,"spillover2 fp",6,0,1256,1256,"Unambiguous","Consistent",1256
"18086",26,25,"spillover2","fp",83,"spillover2 fp",8,0,864,864,"Unambiguous","Inconsistent",864
"18088",26,28,"spillover2","fp",83,"spillover2 fp",7,0,672,672,"Ambiguous","Inconsistent",672
"18090",26,35,"spillover2","fp",83,"spillover2 fp",6,0,1230,1230,"Unambiguous","Consistent",1230
"18092",26,48,"spillover2","fp",83,"spillover2 fp",7,0,904,904,"Ambiguous","Inconsistent",904
"18094",26,41,"spillover2","fp",83,"spillover2 fp",8,0,1486,1486,"Unambiguous","Inconsistent",1486
"18096",26,32,"spillover2","fp",83,"spillover2 fp",7,0,756,756,"Ambiguous","Inconsistent",756
"18098",26,40,"spillover2","fp",83,"spillover2 fp",7,0,990,990,"Ambiguous","Inconsistent",990
"18100",26,29,"spillover2","fp",83,"spillover2 fp",8,0,848,848,"Unambiguous","Inconsistent",848
"18102",26,30,"spillover2","fp",83,"spillover2 fp",5,0,1426,1426,"Ambiguous","Consistent",1426
"18104",26,36,"spillover2","fp",83,"spillover2 fp",7,0,1828,1828,"Ambiguous","Inconsistent",1828
"18778",27,46,"spillover2","fp",63,"spillover2 fp",6,0,592,592,"Unambiguous","Consistent",592
"18780",27,42,"spillover2","fp",63,"spillover2 fp",6,0,1086,1086,"Unambiguous","Consistent",1086
"18782",27,36,"spillover2","fp",63,"spillover2 fp",8,0,610,610,"Unambiguous","Inconsistent",610
"18784",27,35,"spillover2","fp",63,"spillover2 fp",7,0,650,650,"Ambiguous","Inconsistent",650
"18786",27,39,"spillover2","fp",63,"spillover2 fp",7,0,322,322,"Ambiguous","Inconsistent",322
"18788",27,37,"spillover2","fp",63,"spillover2 fp",5,0,906,906,"Ambiguous","Consistent",906
"18790",27,45,"spillover2","fp",63,"spillover2 fp",5,0,412,412,"Ambiguous","Consistent",412
"18792",27,25,"spillover2","fp",63,"spillover2 fp",5,0,1064,1064,"Ambiguous","Consistent",1064
"18794",27,28,"spillover2","fp",63,"spillover2 fp",8,0,452,452,"Unambiguous","Inconsistent",452
"18796",27,30,"spillover2","fp",63,"spillover2 fp",6,0,658,658,"Unambiguous","Consistent",658
"18798",27,31,"spillover2","fp",63,"spillover2 fp",7,0,650,650,"Ambiguous","Inconsistent",650
"18800",27,33,"spillover2","fp",63,"spillover2 fp",5,0,584,584,"Ambiguous","Consistent",584
"18802",27,27,"spillover2","fp",63,"spillover2 fp",7,0,624,624,"Ambiguous","Inconsistent",624
"18804",27,47,"spillover2","fp",63,"spillover2 fp",7,0,692,692,"Ambiguous","Inconsistent",692
"18806",27,38,"spillover2","fp",63,"spillover2 fp",6,0,664,664,"Unambiguous","Consistent",664
"18808",27,41,"spillover2","fp",63,"spillover2 fp",5,0,540,540,"Ambiguous","Consistent",540
"18810",27,29,"spillover2","fp",63,"spillover2 fp",5,0,660,660,"Ambiguous","Consistent",660
"18812",27,48,"spillover2","fp",63,"spillover2 fp",8,0,236,236,"Unambiguous","Inconsistent",236
"18814",27,26,"spillover2","fp",63,"spillover2 fp",6,0,220,220,"Unambiguous","Consistent",220
"18816",27,32,"spillover2","fp",63,"spillover2 fp",8,0,628,628,"Unambiguous","Inconsistent",628
"18818",27,44,"spillover2","fp",63,"spillover2 fp",8,0,348,348,"Unambiguous","Inconsistent",348
"18820",27,43,"spillover2","fp",63,"spillover2 fp",7,0,598,598,"Ambiguous","Inconsistent",598
"18822",27,34,"spillover2","fp",63,"spillover2 fp",6,0,628,628,"Unambiguous","Consistent",628
"18824",27,40,"spillover2","fp",63,"spillover2 fp",8,0,388,388,"Unambiguous","Inconsistent",388
"19499",28,27,"spillover2","fp",85,"spillover2 fp",8,0,630,630,"Unambiguous","Inconsistent",630
"19501",28,33,"spillover2","fp",85,"spillover2 fp",6,0,534,534,"Unambiguous","Consistent",534
"19503",28,34,"spillover2","fp",85,"spillover2 fp",7,0,608,608,"Ambiguous","Inconsistent",608
"19505",28,32,"spillover2","fp",85,"spillover2 fp",5,0,1176,1176,"Ambiguous","Consistent",1176
"19507",28,41,"spillover2","fp",85,"spillover2 fp",6,0,488,488,"Unambiguous","Consistent",488
"19509",28,29,"spillover2","fp",85,"spillover2 fp",6,0,536,536,"Unambiguous","Consistent",536
"19511",28,46,"spillover2","fp",85,"spillover2 fp",7,0,712,712,"Ambiguous","Inconsistent",712
"19513",28,47,"spillover2","fp",85,"spillover2 fp",8,0,596,596,"Unambiguous","Inconsistent",596
"19515",28,30,"spillover2","fp",85,"spillover2 fp",7,0,532,532,"Ambiguous","Inconsistent",532
"19517",28,37,"spillover2","fp",85,"spillover2 fp",6,0,652,652,"Unambiguous","Consistent",652
"19519",28,36,"spillover2","fp",85,"spillover2 fp",5,0,818,818,"Ambiguous","Consistent",818
"19521",28,31,"spillover2","fp",85,"spillover2 fp",8,0,742,742,"Unambiguous","Inconsistent",742
"19523",28,28,"spillover2","fp",85,"spillover2 fp",5,0,648,648,"Ambiguous","Consistent",648
"19525",28,42,"spillover2","fp",85,"spillover2 fp",7,0,570,570,"Ambiguous","Inconsistent",570
"19527",28,38,"spillover2","fp",85,"spillover2 fp",7,0,274,274,"Ambiguous","Inconsistent",274
"19529",28,43,"spillover2","fp",85,"spillover2 fp",8,0,552,552,"Unambiguous","Inconsistent",552
"19531",28,26,"spillover2","fp",85,"spillover2 fp",7,0,418,418,"Ambiguous","Inconsistent",418
"19533",28,45,"spillover2","fp",85,"spillover2 fp",6,0,644,644,"Unambiguous","Consistent",644
"19535",28,48,"spillover2","fp",85,"spillover2 fp",5,0,622,622,"Ambiguous","Consistent",622
"19537",28,35,"spillover2","fp",85,"spillover2 fp",8,0,442,442,"Unambiguous","Inconsistent",442
"19539",28,25,"spillover2","fp",85,"spillover2 fp",6,0,1074,1074,"Unambiguous","Consistent",1074
"19541",28,39,"spillover2","fp",85,"spillover2 fp",8,0,532,532,"Unambiguous","Inconsistent",532
"19543",28,44,"spillover2","fp",85,"spillover2 fp",5,0,558,558,"Ambiguous","Consistent",558
"19545",28,40,"spillover2","fp",85,"spillover2 fp",5,0,410,410,"Ambiguous","Consistent",410
"20215",29,42,"spillover2","fp",85,"spillover2 fp",8,0,364,364,"Unambiguous","Inconsistent",364
"20217",29,39,"spillover2","fp",85,"spillover2 fp",5,0,1052,1052,"Ambiguous","Consistent",1052
"20219",29,43,"spillover2","fp",85,"spillover2 fp",5,0,1118,1118,"Ambiguous","Consistent",1118
"20221",29,46,"spillover2","fp",85,"spillover2 fp",8,0,1264,1264,"Unambiguous","Inconsistent",1264
"20223",29,45,"spillover2","fp",85,"spillover2 fp",7,0,582,582,"Ambiguous","Inconsistent",582
"20225",29,29,"spillover2","fp",85,"spillover2 fp",7,0,902,902,"Ambiguous","Inconsistent",902
"20227",29,31,"spillover2","fp",85,"spillover2 fp",5,0,602,602,"Ambiguous","Consistent",602
"20229",29,38,"spillover2","fp",85,"spillover2 fp",8,0,532,532,"Unambiguous","Inconsistent",532
"20231",29,41,"spillover2","fp",85,"spillover2 fp",7,0,394,394,"Ambiguous","Inconsistent",394
"20233",29,28,"spillover2","fp",85,"spillover2 fp",6,0,514,514,"Unambiguous","Consistent",514
"20235",29,26,"spillover2","fp",85,"spillover2 fp",8,0,812,812,"Unambiguous","Inconsistent",812
"20237",29,32,"spillover2","fp",85,"spillover2 fp",6,0,1266,1266,"Unambiguous","Consistent",1266
"20239",29,27,"spillover2","fp",85,"spillover2 fp",5,0,1202,1202,"Ambiguous","Consistent",1202
"20241",29,36,"spillover2","fp",85,"spillover2 fp",6,0,1364,1364,"Unambiguous","Consistent",1364
"20243",29,34,"spillover2","fp",85,"spillover2 fp",8,0,544,544,"Unambiguous","Inconsistent",544
"20245",29,35,"spillover2","fp",85,"spillover2 fp",5,0,630,630,"Ambiguous","Consistent",630
"20246",29,40,"spillover2","fp",85,"spillover2 fp",6,0,616,616,"Unambiguous","Consistent",616
"20248",29,44,"spillover2","fp",85,"spillover2 fp",6,1,0,NA,"Unambiguous","Consistent",NA
"20250",29,30,"spillover2","fp",85,"spillover2 fp",8,0,488,488,"Unambiguous","Inconsistent",488
"20252",29,25,"spillover2","fp",85,"spillover2 fp",7,0,628,628,"Ambiguous","Inconsistent",628
"20254",29,33,"spillover2","fp",85,"spillover2 fp",7,0,942,942,"Ambiguous","Inconsistent",942
"20256",29,37,"spillover2","fp",85,"spillover2 fp",7,0,836,836,"Ambiguous","Inconsistent",836
"20258",29,47,"spillover2","fp",85,"spillover2 fp",5,0,1056,1056,"Ambiguous","Consistent",1056
"20260",29,48,"spillover2","fp",85,"spillover2 fp",6,0,600,600,"Unambiguous","Consistent",600
"20924",30,36,"spillover2","fp",60,"spillover2 fp",7,0,1266,1266,"Ambiguous","Inconsistent",1266
"20926",30,44,"spillover2","fp",60,"spillover2 fp",7,0,188,188,"Ambiguous","Inconsistent",188
"20928",30,32,"spillover2","fp",60,"spillover2 fp",7,0,1194,1194,"Ambiguous","Inconsistent",1194
"20930",30,25,"spillover2","fp",60,"spillover2 fp",8,0,140,140,"Unambiguous","Inconsistent",140
"20932",30,27,"spillover2","fp",60,"spillover2 fp",6,0,864,864,"Unambiguous","Consistent",864
"20934",30,37,"spillover2","fp",60,"spillover2 fp",8,0,896,896,"Unambiguous","Inconsistent",896
"20936",30,38,"spillover2","fp",60,"spillover2 fp",5,0,860,860,"Ambiguous","Consistent",860
"20938",30,47,"spillover2","fp",60,"spillover2 fp",6,0,272,272,"Unambiguous","Consistent",272
"20940",30,33,"spillover2","fp",60,"spillover2 fp",8,0,636,636,"Unambiguous","Inconsistent",636
"20942",30,30,"spillover2","fp",60,"spillover2 fp",5,0,244,244,"Ambiguous","Consistent",244
"20944",30,48,"spillover2","fp",60,"spillover2 fp",7,0,702,702,"Ambiguous","Inconsistent",702
"20946",30,40,"spillover2","fp",60,"spillover2 fp",7,0,438,438,"Ambiguous","Inconsistent",438
"20948",30,46,"spillover2","fp",60,"spillover2 fp",5,0,796,796,"Ambiguous","Consistent",796
"20950",30,35,"spillover2","fp",60,"spillover2 fp",6,0,356,356,"Unambiguous","Consistent",356
"20952",30,43,"spillover2","fp",60,"spillover2 fp",6,0,778,778,"Unambiguous","Consistent",778
"20954",30,41,"spillover2","fp",60,"spillover2 fp",8,0,320,320,"Unambiguous","Inconsistent",320
"20956",30,39,"spillover2","fp",60,"spillover2 fp",6,0,230,230,"Unambiguous","Consistent",230
"20958",30,42,"spillover2","fp",60,"spillover2 fp",5,0,1812,1812,"Ambiguous","Consistent",1812
"20960",30,31,"spillover2","fp",60,"spillover2 fp",6,0,748,748,"Unambiguous","Consistent",748
"20962",30,26,"spillover2","fp",60,"spillover2 fp",5,0,830,830,"Ambiguous","Consistent",830
"20964",30,34,"spillover2","fp",60,"spillover2 fp",5,0,754,754,"Ambiguous","Consistent",754
"20966",30,45,"spillover2","fp",60,"spillover2 fp",8,0,562,562,"Unambiguous","Inconsistent",562
"20968",30,29,"spillover2","fp",60,"spillover2 fp",8,0,1160,1160,"Unambiguous","Inconsistent",1160
"20970",30,28,"spillover2","fp",60,"spillover2 fp",7,0,624,624,"Ambiguous","Inconsistent",624
"21644",31,34,"spillover2","fp",59,"spillover2 fp",6,0,1168,1168,"Unambiguous","Consistent",1168
"21646",31,41,"spillover2","fp",59,"spillover2 fp",5,0,770,770,"Ambiguous","Consistent",770
"21648",31,40,"spillover2","fp",59,"spillover2 fp",8,0,1354,1354,"Unambiguous","Inconsistent",1354
"21650",31,42,"spillover2","fp",59,"spillover2 fp",6,0,1134,1134,"Unambiguous","Consistent",1134
"21652",31,31,"spillover2","fp",59,"spillover2 fp",7,0,1128,1128,"Ambiguous","Inconsistent",1128
"21654",31,35,"spillover2","fp",59,"spillover2 fp",7,0,828,828,"Ambiguous","Inconsistent",828
"21656",31,38,"spillover2","fp",59,"spillover2 fp",6,0,820,820,"Unambiguous","Consistent",820
"21658",31,29,"spillover2","fp",59,"spillover2 fp",5,0,840,840,"Ambiguous","Consistent",840
"21660",31,37,"spillover2","fp",59,"spillover2 fp",5,0,876,876,"Ambiguous","Consistent",876
"21662",31,46,"spillover2","fp",59,"spillover2 fp",6,0,896,896,"Unambiguous","Consistent",896
"21664",31,44,"spillover2","fp",59,"spillover2 fp",8,0,656,656,"Unambiguous","Inconsistent",656
"21666",31,28,"spillover2","fp",59,"spillover2 fp",8,0,1462,1462,"Unambiguous","Inconsistent",1462
"21668",31,30,"spillover2","fp",59,"spillover2 fp",6,0,614,614,"Unambiguous","Consistent",614
"21670",31,32,"spillover2","fp",59,"spillover2 fp",8,0,1204,1204,"Unambiguous","Inconsistent",1204
"21672",31,39,"spillover2","fp",59,"spillover2 fp",7,0,954,954,"Ambiguous","Inconsistent",954
"21674",31,25,"spillover2","fp",59,"spillover2 fp",5,0,1254,1254,"Ambiguous","Consistent",1254
"21676",31,33,"spillover2","fp",59,"spillover2 fp",5,0,788,788,"Ambiguous","Consistent",788
"21678",31,47,"spillover2","fp",59,"spillover2 fp",7,0,704,704,"Ambiguous","Inconsistent",704
"21680",31,45,"spillover2","fp",59,"spillover2 fp",5,0,498,498,"Ambiguous","Consistent",498
"21682",31,48,"spillover2","fp",59,"spillover2 fp",8,0,346,346,"Unambiguous","Inconsistent",346
"21684",31,36,"spillover2","fp",59,"spillover2 fp",8,0,778,778,"Unambiguous","Inconsistent",778
"21686",31,43,"spillover2","fp",59,"spillover2 fp",7,0,668,668,"Ambiguous","Inconsistent",668
"21688",31,26,"spillover2","fp",59,"spillover2 fp",6,0,632,632,"Unambiguous","Consistent",632
"21690",31,27,"spillover2","fp",59,"spillover2 fp",7,0,606,606,"Ambiguous","Inconsistent",606
"22363",32,44,"spillover2","fp",71,"spillover2 fp",5,0,726,726,"Ambiguous","Consistent",726
"22365",32,43,"spillover2","fp",71,"spillover2 fp",8,0,832,832,"Unambiguous","Inconsistent",832
"22367",32,40,"spillover2","fp",71,"spillover2 fp",5,0,660,660,"Ambiguous","Consistent",660
"22369",32,42,"spillover2","fp",71,"spillover2 fp",7,0,1102,1102,"Ambiguous","Inconsistent",1102
"22371",32,39,"spillover2","fp",71,"spillover2 fp",8,0,1430,1430,"Unambiguous","Inconsistent",1430
"22373",32,46,"spillover2","fp",71,"spillover2 fp",7,0,1180,1180,"Ambiguous","Inconsistent",1180
"22375",32,48,"spillover2","fp",71,"spillover2 fp",5,0,768,768,"Ambiguous","Consistent",768
"22377",32,32,"spillover2","fp",71,"spillover2 fp",5,0,752,752,"Ambiguous","Consistent",752
"22379",32,26,"spillover2","fp",71,"spillover2 fp",7,0,808,808,"Ambiguous","Inconsistent",808
"22381",32,45,"spillover2","fp",71,"spillover2 fp",6,0,946,946,"Unambiguous","Consistent",946
"22383",32,25,"spillover2","fp",71,"spillover2 fp",6,0,1248,1248,"Unambiguous","Consistent",1248
"22385",32,30,"spillover2","fp",71,"spillover2 fp",7,0,898,898,"Ambiguous","Inconsistent",898
"22387",32,33,"spillover2","fp",71,"spillover2 fp",6,0,1432,1432,"Unambiguous","Consistent",1432
"22389",32,36,"spillover2","fp",71,"spillover2 fp",5,0,1418,1418,"Ambiguous","Consistent",1418
"22391",32,35,"spillover2","fp",71,"spillover2 fp",8,0,912,912,"Unambiguous","Inconsistent",912
"22393",32,41,"spillover2","fp",71,"spillover2 fp",6,0,902,902,"Unambiguous","Consistent",902
"22395",32,27,"spillover2","fp",71,"spillover2 fp",8,0,1312,1312,"Unambiguous","Inconsistent",1312
"22397",32,34,"spillover2","fp",71,"spillover2 fp",7,0,1220,1220,"Ambiguous","Inconsistent",1220
"22399",32,28,"spillover2","fp",71,"spillover2 fp",5,0,774,774,"Ambiguous","Consistent",774
"22401",32,31,"spillover2","fp",71,"spillover2 fp",8,0,1134,1134,"Unambiguous","Inconsistent",1134
"22403",32,29,"spillover2","fp",71,"spillover2 fp",6,0,1222,1222,"Unambiguous","Consistent",1222
"22405",32,47,"spillover2","fp",71,"spillover2 fp",8,0,516,516,"Unambiguous","Inconsistent",516
"22407",32,37,"spillover2","fp",71,"spillover2 fp",6,0,762,762,"Unambiguous","Consistent",762
"22409",32,38,"spillover2","fp",71,"spillover2 fp",7,0,930,930,"Ambiguous","Inconsistent",930
"23084",33,33,"spillover2","fp",93,"spillover2 fp",7,0,262,262,"Ambiguous","Inconsistent",262
"23086",33,43,"spillover2","fp",93,"spillover2 fp",5,0,364,364,"Ambiguous","Consistent",364
"23088",33,31,"spillover2","fp",93,"spillover2 fp",5,0,590,590,"Ambiguous","Consistent",590
"23090",33,34,"spillover2","fp",93,"spillover2 fp",8,0,1388,1388,"Unambiguous","Inconsistent",1388
"23092",33,42,"spillover2","fp",93,"spillover2 fp",8,0,1716,1716,"Unambiguous","Inconsistent",1716
"23094",33,25,"spillover2","fp",93,"spillover2 fp",7,0,2324,2324,"Ambiguous","Inconsistent",2324
"23096",33,26,"spillover2","fp",93,"spillover2 fp",8,0,752,752,"Unambiguous","Inconsistent",752
"23098",33,35,"spillover2","fp",93,"spillover2 fp",5,0,1286,1286,"Ambiguous","Consistent",1286
"23100",33,47,"spillover2","fp",93,"spillover2 fp",5,0,880,880,"Ambiguous","Consistent",880
"23102",33,32,"spillover2","fp",93,"spillover2 fp",6,0,1362,1362,"Unambiguous","Consistent",1362
"23104",33,40,"spillover2","fp",93,"spillover2 fp",6,0,1050,1050,"Unambiguous","Consistent",1050
"23106",33,36,"spillover2","fp",93,"spillover2 fp",6,0,2128,2128,"Unambiguous","Consistent",2128
"23108",33,48,"spillover2","fp",93,"spillover2 fp",6,0,1166,1166,"Unambiguous","Consistent",1166
"23110",33,27,"spillover2","fp",93,"spillover2 fp",5,0,1816,1816,"Ambiguous","Consistent",1816
"23112",33,41,"spillover2","fp",93,"spillover2 fp",7,0,1376,1376,"Ambiguous","Inconsistent",1376
"23114",33,37,"spillover2","fp",93,"spillover2 fp",7,0,1218,1218,"Ambiguous","Inconsistent",1218
"23116",33,45,"spillover2","fp",93,"spillover2 fp",7,0,1630,1630,"Ambiguous","Inconsistent",1630
"23118",33,44,"spillover2","fp",93,"spillover2 fp",6,0,206,206,"Unambiguous","Consistent",206
"23120",33,29,"spillover2","fp",93,"spillover2 fp",7,0,2314,2314,"Ambiguous","Inconsistent",2314
"23122",33,28,"spillover2","fp",93,"spillover2 fp",6,0,426,426,"Unambiguous","Consistent",426
"23124",33,30,"spillover2","fp",93,"spillover2 fp",8,0,1618,1618,"Unambiguous","Inconsistent",1618
"23126",33,39,"spillover2","fp",93,"spillover2 fp",5,0,1630,1630,"Ambiguous","Consistent",1630
"23128",33,38,"spillover2","fp",93,"spillover2 fp",8,0,922,922,"Unambiguous","Inconsistent",922
"23130",33,46,"spillover2","fp",93,"spillover2 fp",8,0,1818,1818,"Unambiguous","Inconsistent",1818
"23803",34,37,"spillover2","fp",57,"spillover2 fp",8,0,688,688,"Unambiguous","Inconsistent",688
"23805",34,32,"spillover2","fp",57,"spillover2 fp",7,0,1035,1035,"Ambiguous","Inconsistent",1035
"23807",34,30,"spillover2","fp",57,"spillover2 fp",5,0,740,740,"Ambiguous","Consistent",740
"23809",34,27,"spillover2","fp",57,"spillover2 fp",6,0,475,475,"Unambiguous","Consistent",475
"23811",34,34,"spillover2","fp",57,"spillover2 fp",5,0,440,440,"Ambiguous","Consistent",440
"23813",34,46,"spillover2","fp",57,"spillover2 fp",5,0,805,805,"Ambiguous","Consistent",805
"23815",34,38,"spillover2","fp",57,"spillover2 fp",5,0,449,449,"Ambiguous","Consistent",449
"23817",34,39,"spillover2","fp",57,"spillover2 fp",6,0,554,554,"Unambiguous","Consistent",554
"23819",34,45,"spillover2","fp",57,"spillover2 fp",8,0,522,522,"Unambiguous","Inconsistent",522
"23821",34,29,"spillover2","fp",57,"spillover2 fp",8,0,1056,1056,"Unambiguous","Inconsistent",1056
"23823",34,33,"spillover2","fp",57,"spillover2 fp",8,0,723,723,"Unambiguous","Inconsistent",723
"23825",34,48,"spillover2","fp",57,"spillover2 fp",7,0,510,510,"Ambiguous","Inconsistent",510
"23827",34,41,"spillover2","fp",57,"spillover2 fp",8,0,816,816,"Unambiguous","Inconsistent",816
"23829",34,40,"spillover2","fp",57,"spillover2 fp",7,0,824,824,"Ambiguous","Inconsistent",824
"23831",34,31,"spillover2","fp",57,"spillover2 fp",6,0,487,487,"Unambiguous","Consistent",487
"23833",34,43,"spillover2","fp",57,"spillover2 fp",6,0,478,478,"Unambiguous","Consistent",478
"23835",34,25,"spillover2","fp",57,"spillover2 fp",8,0,1295,1295,"Unambiguous","Inconsistent",1295
"23837",34,36,"spillover2","fp",57,"spillover2 fp",7,0,727,727,"Ambiguous","Inconsistent",727
"23839",34,47,"spillover2","fp",57,"spillover2 fp",6,0,159,159,"Unambiguous","Consistent",159
"23841",34,42,"spillover2","fp",57,"spillover2 fp",5,0,468,468,"Ambiguous","Consistent",468
"23843",34,44,"spillover2","fp",57,"spillover2 fp",7,0,889,889,"Ambiguous","Inconsistent",889
"23845",34,28,"spillover2","fp",57,"spillover2 fp",7,0,424,424,"Ambiguous","Inconsistent",424
"23847",34,26,"spillover2","fp",57,"spillover2 fp",5,0,512,512,"Ambiguous","Consistent",512
"23849",34,35,"spillover2","fp",57,"spillover2 fp",6,0,1110,1110,"Unambiguous","Consistent",1110
"24523",35,47,"spillover2","fp",60,"spillover2 fp",6,0,1128,1128,"Unambiguous","Consistent",1128
"24525",35,33,"spillover2","fp",60,"spillover2 fp",8,0,1660,1660,"Unambiguous","Inconsistent",1660
"24527",35,43,"spillover2","fp",60,"spillover2 fp",6,0,1086,1086,"Unambiguous","Consistent",1086
"24529",35,32,"spillover2","fp",60,"spillover2 fp",7,0,262,262,"Ambiguous","Inconsistent",262
"24531",35,42,"spillover2","fp",60,"spillover2 fp",5,0,1056,1056,"Ambiguous","Consistent",1056
"24533",35,26,"spillover2","fp",60,"spillover2 fp",5,0,664,664,"Ambiguous","Consistent",664
"24535",35,39,"spillover2","fp",60,"spillover2 fp",6,0,216,216,"Unambiguous","Consistent",216
"24537",35,28,"spillover2","fp",60,"spillover2 fp",7,0,568,568,"Ambiguous","Inconsistent",568
"24539",35,36,"spillover2","fp",60,"spillover2 fp",7,0,1296,1296,"Ambiguous","Inconsistent",1296
"24541",35,48,"spillover2","fp",60,"spillover2 fp",7,0,1018,1018,"Ambiguous","Inconsistent",1018
"24543",35,34,"spillover2","fp",60,"spillover2 fp",5,0,958,958,"Ambiguous","Consistent",958
"24545",35,38,"spillover2","fp",60,"spillover2 fp",5,0,204,204,"Ambiguous","Consistent",204
"24547",35,46,"spillover2","fp",60,"spillover2 fp",5,0,120,120,"Ambiguous","Consistent",120
"24549",35,35,"spillover2","fp",60,"spillover2 fp",6,0,912,912,"Unambiguous","Consistent",912
"24551",35,44,"spillover2","fp",60,"spillover2 fp",7,0,680,680,"Ambiguous","Inconsistent",680
"24553",35,40,"spillover2","fp",60,"spillover2 fp",7,0,386,386,"Ambiguous","Inconsistent",386
"24555",35,31,"spillover2","fp",60,"spillover2 fp",6,0,264,264,"Unambiguous","Consistent",264
"24557",35,41,"spillover2","fp",60,"spillover2 fp",8,0,356,356,"Unambiguous","Inconsistent",356
"24559",35,27,"spillover2","fp",60,"spillover2 fp",6,0,2108,2108,"Unambiguous","Consistent",2108
"24561",35,37,"spillover2","fp",60,"spillover2 fp",8,0,1304,1304,"Unambiguous","Inconsistent",1304
"24563",35,30,"spillover2","fp",60,"spillover2 fp",5,0,326,326,"Ambiguous","Consistent",326
"24565",35,45,"spillover2","fp",60,"spillover2 fp",8,0,496,496,"Unambiguous","Inconsistent",496
"24567",35,29,"spillover2","fp",60,"spillover2 fp",8,0,2270,2270,"Unambiguous","Inconsistent",2270
"24569",35,25,"spillover2","fp",60,"spillover2 fp",8,0,1030,1030,"Unambiguous","Inconsistent",1030
"25244",36,41,"spillover2","fp",65,"spillover2 fp",5,0,333,333,"Ambiguous","Consistent",333
"25246",36,43,"spillover2","fp",65,"spillover2 fp",7,0,711,711,"Ambiguous","Inconsistent",711
"25248",36,26,"spillover2","fp",65,"spillover2 fp",6,0,410,410,"Unambiguous","Consistent",410
"25250",36,27,"spillover2","fp",65,"spillover2 fp",7,0,280,280,"Ambiguous","Inconsistent",280
"25252",36,42,"spillover2","fp",65,"spillover2 fp",6,0,522,522,"Unambiguous","Consistent",522
"25254",36,33,"spillover2","fp",65,"spillover2 fp",5,0,779,779,"Ambiguous","Consistent",779
"25256",36,40,"spillover2","fp",65,"spillover2 fp",8,0,677,677,"Unambiguous","Inconsistent",677
"25258",36,47,"spillover2","fp",65,"spillover2 fp",7,0,1270,1270,"Ambiguous","Inconsistent",1270
"25260",36,35,"spillover2","fp",65,"spillover2 fp",7,0,808,808,"Ambiguous","Inconsistent",808
"25262",36,46,"spillover2","fp",65,"spillover2 fp",6,0,794,794,"Unambiguous","Consistent",794
"25264",36,28,"spillover2","fp",65,"spillover2 fp",8,0,1056,1056,"Unambiguous","Inconsistent",1056
"25266",36,34,"spillover2","fp",65,"spillover2 fp",6,0,854,854,"Unambiguous","Consistent",854
"25268",36,36,"spillover2","fp",65,"spillover2 fp",8,0,489,489,"Unambiguous","Inconsistent",489
"25270",36,38,"spillover2","fp",65,"spillover2 fp",6,0,811,811,"Unambiguous","Consistent",811
"25272",36,25,"spillover2","fp",65,"spillover2 fp",5,0,736,736,"Ambiguous","Consistent",736
"25274",36,37,"spillover2","fp",65,"spillover2 fp",5,0,964,964,"Ambiguous","Consistent",964
"25276",36,31,"spillover2","fp",65,"spillover2 fp",7,0,556,556,"Ambiguous","Inconsistent",556
"25278",36,45,"spillover2","fp",65,"spillover2 fp",5,0,597,597,"Ambiguous","Consistent",597
"25280",36,30,"spillover2","fp",65,"spillover2 fp",6,0,520,520,"Unambiguous","Consistent",520
"25282",36,32,"spillover2","fp",65,"spillover2 fp",8,0,460,460,"Unambiguous","Inconsistent",460
"25284",36,44,"spillover2","fp",65,"spillover2 fp",8,0,806,806,"Unambiguous","Inconsistent",806
"25286",36,48,"spillover2","fp",65,"spillover2 fp",8,0,760,760,"Unambiguous","Inconsistent",760
"25288",36,39,"spillover2","fp",65,"spillover2 fp",7,0,1258,1258,"Ambiguous","Inconsistent",1258
"25290",36,29,"spillover2","fp",65,"spillover2 fp",5,0,1160,1160,"Ambiguous","Consistent",1160
"25963",37,42,"spillover2","fp",64,"spillover2 fp",7,0,808,808,"Ambiguous","Inconsistent",808
"25965",37,36,"spillover2","fp",64,"spillover2 fp",5,0,1602,1602,"Ambiguous","Consistent",1602
"25967",37,32,"spillover2","fp",64,"spillover2 fp",5,0,121,121,"Ambiguous","Consistent",121
"25969",37,48,"spillover2","fp",64,"spillover2 fp",5,0,825,825,"Ambiguous","Consistent",825
"25971",37,25,"spillover2","fp",64,"spillover2 fp",6,0,1967,1967,"Unambiguous","Consistent",1967
"25973",37,30,"spillover2","fp",64,"spillover2 fp",7,0,212,212,"Ambiguous","Inconsistent",212
"25975",37,39,"spillover2","fp",64,"spillover2 fp",8,0,1980,1980,"Unambiguous","Inconsistent",1980
"25977",37,35,"spillover2","fp",64,"spillover2 fp",8,0,594,594,"Unambiguous","Inconsistent",594
"25979",37,28,"spillover2","fp",64,"spillover2 fp",5,0,900,900,"Ambiguous","Consistent",900
"25981",37,34,"spillover2","fp",64,"spillover2 fp",7,0,225,225,"Ambiguous","Inconsistent",225
"25983",37,38,"spillover2","fp",64,"spillover2 fp",7,0,1105,1105,"Ambiguous","Inconsistent",1105
"25985",37,26,"spillover2","fp",64,"spillover2 fp",7,0,1218,1218,"Ambiguous","Inconsistent",1218
"25987",37,40,"spillover2","fp",64,"spillover2 fp",5,0,654,654,"Ambiguous","Consistent",654
"25989",37,47,"spillover2","fp",64,"spillover2 fp",8,0,709,709,"Unambiguous","Inconsistent",709
"25991",37,44,"spillover2","fp",64,"spillover2 fp",5,0,575,575,"Ambiguous","Consistent",575
"25993",37,43,"spillover2","fp",64,"spillover2 fp",8,0,651,651,"Unambiguous","Inconsistent",651
"25995",37,33,"spillover2","fp",64,"spillover2 fp",6,0,1096,1096,"Unambiguous","Consistent",1096
"25997",37,29,"spillover2","fp",64,"spillover2 fp",6,0,1045,1045,"Unambiguous","Consistent",1045
"25999",37,46,"spillover2","fp",64,"spillover2 fp",7,0,2462,2462,"Ambiguous","Inconsistent",2462
"26001",37,41,"spillover2","fp",64,"spillover2 fp",6,0,1144,1144,"Unambiguous","Consistent",1144
"26003",37,37,"spillover2","fp",64,"spillover2 fp",6,0,1171,1171,"Unambiguous","Consistent",1171
"26005",37,31,"spillover2","fp",64,"spillover2 fp",8,0,866,866,"Unambiguous","Inconsistent",866
"26007",37,27,"spillover2","fp",64,"spillover2 fp",8,0,113,113,"Unambiguous","Inconsistent",113
"26009",37,45,"spillover2","fp",64,"spillover2 fp",6,0,920,920,"Unambiguous","Consistent",920
"26683",38,34,"spillover2","fp",80,"spillover2 fp",8,0,959,959,"Unambiguous","Inconsistent",959
"26685",38,28,"spillover2","fp",80,"spillover2 fp",6,0,454,454,"Unambiguous","Consistent",454
"26687",38,43,"spillover2","fp",80,"spillover2 fp",5,0,487,487,"Ambiguous","Consistent",487
"26689",38,38,"spillover2","fp",80,"spillover2 fp",8,0,691,691,"Unambiguous","Inconsistent",691
"26691",38,30,"spillover2","fp",80,"spillover2 fp",8,0,1056,1056,"Unambiguous","Inconsistent",1056
"26693",38,47,"spillover2","fp",80,"spillover2 fp",5,0,1804,1804,"Ambiguous","Consistent",1804
"26695",38,39,"spillover2","fp",80,"spillover2 fp",5,0,895,895,"Ambiguous","Consistent",895
"26697",38,45,"spillover2","fp",80,"spillover2 fp",7,0,581,581,"Ambiguous","Inconsistent",581
"26699",38,32,"spillover2","fp",80,"spillover2 fp",6,0,429,429,"Unambiguous","Consistent",429
"26701",38,29,"spillover2","fp",80,"spillover2 fp",7,0,805,805,"Ambiguous","Inconsistent",805
"26703",38,35,"spillover2","fp",80,"spillover2 fp",5,0,367,367,"Ambiguous","Consistent",367
"26705",38,41,"spillover2","fp",80,"spillover2 fp",7,0,637,637,"Ambiguous","Inconsistent",637
"26707",38,25,"spillover2","fp",80,"spillover2 fp",7,0,715,715,"Ambiguous","Inconsistent",715
"26709",38,31,"spillover2","fp",80,"spillover2 fp",5,0,322,322,"Ambiguous","Consistent",322
"26711",38,48,"spillover2","fp",80,"spillover2 fp",6,0,308,308,"Unambiguous","Consistent",308
"26713",38,44,"spillover2","fp",80,"spillover2 fp",6,0,661,661,"Unambiguous","Consistent",661
"26715",38,37,"spillover2","fp",80,"spillover2 fp",7,0,432,432,"Ambiguous","Inconsistent",432
"26717",38,36,"spillover2","fp",80,"spillover2 fp",6,0,1226,1226,"Unambiguous","Consistent",1226
"26719",38,42,"spillover2","fp",80,"spillover2 fp",8,0,714,714,"Unambiguous","Inconsistent",714
"26721",38,26,"spillover2","fp",80,"spillover2 fp",8,0,540,540,"Unambiguous","Inconsistent",540
"26723",38,40,"spillover2","fp",80,"spillover2 fp",6,0,195,195,"Unambiguous","Consistent",195
"26725",38,46,"spillover2","fp",80,"spillover2 fp",8,0,840,840,"Unambiguous","Inconsistent",840
"26727",38,33,"spillover2","fp",80,"spillover2 fp",7,0,817,817,"Ambiguous","Inconsistent",817
"26729",38,27,"spillover2","fp",80,"spillover2 fp",5,0,388,388,"Ambiguous","Consistent",388
"27404",39,41,"spillover2","fp",83,"spillover2 fp",8,0,1341,1341,"Unambiguous","Inconsistent",1341
"27406",39,33,"spillover2","fp",83,"spillover2 fp",8,0,1038,1038,"Unambiguous","Inconsistent",1038
"27408",39,25,"spillover2","fp",83,"spillover2 fp",8,0,1484,1484,"Unambiguous","Inconsistent",1484
"27410",39,37,"spillover2","fp",83,"spillover2 fp",8,0,566,566,"Unambiguous","Inconsistent",566
"27412",39,27,"spillover2","fp",83,"spillover2 fp",6,0,830,830,"Unambiguous","Consistent",830
"27414",39,31,"spillover2","fp",83,"spillover2 fp",6,0,1195,1195,"Unambiguous","Consistent",1195
"27416",39,30,"spillover2","fp",83,"spillover2 fp",5,0,767,767,"Ambiguous","Consistent",767
"27418",39,42,"spillover2","fp",83,"spillover2 fp",5,0,3189,3189,"Ambiguous","Consistent",NA
"27420",39,40,"spillover2","fp",83,"spillover2 fp",7,0,1052,1052,"Ambiguous","Inconsistent",1052
"27422",39,39,"spillover2","fp",83,"spillover2 fp",6,0,1179,1179,"Unambiguous","Consistent",1179
"27424",39,26,"spillover2","fp",83,"spillover2 fp",5,0,901,901,"Ambiguous","Consistent",901
"27426",39,43,"spillover2","fp",83,"spillover2 fp",6,0,1132,1132,"Unambiguous","Consistent",1132
"27428",39,48,"spillover2","fp",83,"spillover2 fp",7,0,1363,1363,"Ambiguous","Inconsistent",1363
"27430",39,44,"spillover2","fp",83,"spillover2 fp",7,0,580,580,"Ambiguous","Inconsistent",580
"27432",39,45,"spillover2","fp",83,"spillover2 fp",8,0,875,875,"Unambiguous","Inconsistent",875
"27434",39,46,"spillover2","fp",83,"spillover2 fp",5,0,1537,1537,"Ambiguous","Consistent",1537
"27436",39,29,"spillover2","fp",83,"spillover2 fp",8,0,1000,1000,"Unambiguous","Inconsistent",1000
"27438",39,36,"spillover2","fp",83,"spillover2 fp",7,0,211,211,"Ambiguous","Inconsistent",211
"27440",39,34,"spillover2","fp",83,"spillover2 fp",5,0,943,943,"Ambiguous","Consistent",943
"27442",39,28,"spillover2","fp",83,"spillover2 fp",7,0,736,736,"Ambiguous","Inconsistent",736
"27444",39,35,"spillover2","fp",83,"spillover2 fp",6,0,925,925,"Unambiguous","Consistent",925
"27446",39,38,"spillover2","fp",83,"spillover2 fp",5,0,727,727,"Ambiguous","Consistent",727
"27448",39,32,"spillover2","fp",83,"spillover2 fp",7,0,825,825,"Ambiguous","Inconsistent",825
"27450",39,47,"spillover2","fp",83,"spillover2 fp",6,0,1135,1135,"Unambiguous","Consistent",1135
"28123",40,41,"spillover2","fp",75,"spillover2 fp",5,0,859,859,"Ambiguous","Consistent",859
"28125",40,42,"spillover2","fp",75,"spillover2 fp",6,0,757,757,"Unambiguous","Consistent",757
"28127",40,34,"spillover2","fp",75,"spillover2 fp",6,0,323,323,"Unambiguous","Consistent",323
"28129",40,43,"spillover2","fp",75,"spillover2 fp",7,0,884,884,"Ambiguous","Inconsistent",884
"28131",40,30,"spillover2","fp",75,"spillover2 fp",6,0,771,771,"Unambiguous","Consistent",771
"28133",40,29,"spillover2","fp",75,"spillover2 fp",5,0,1106,1106,"Ambiguous","Consistent",1106
"28135",40,37,"spillover2","fp",75,"spillover2 fp",5,0,1084,1084,"Ambiguous","Consistent",1084
"28137",40,28,"spillover2","fp",75,"spillover2 fp",8,0,1185,1185,"Unambiguous","Inconsistent",1185
"28139",40,32,"spillover2","fp",75,"spillover2 fp",8,0,706,706,"Unambiguous","Inconsistent",706
"28141",40,40,"spillover2","fp",75,"spillover2 fp",8,0,563,563,"Unambiguous","Inconsistent",563
"28143",40,27,"spillover2","fp",75,"spillover2 fp",7,0,935,935,"Ambiguous","Inconsistent",935
"28145",40,35,"spillover2","fp",75,"spillover2 fp",7,0,510,510,"Ambiguous","Inconsistent",510
"28147",40,31,"spillover2","fp",75,"spillover2 fp",7,0,522,522,"Ambiguous","Inconsistent",522
"28149",40,33,"spillover2","fp",75,"spillover2 fp",5,0,839,839,"Ambiguous","Consistent",839
"28151",40,46,"spillover2","fp",75,"spillover2 fp",6,0,1595,1595,"Unambiguous","Consistent",1595
"28153",40,47,"spillover2","fp",75,"spillover2 fp",7,0,344,344,"Ambiguous","Inconsistent",344
"28155",40,38,"spillover2","fp",75,"spillover2 fp",6,0,490,490,"Unambiguous","Consistent",490
"28157",40,39,"spillover2","fp",75,"spillover2 fp",7,0,607,607,"Ambiguous","Inconsistent",607
"28159",40,25,"spillover2","fp",75,"spillover2 fp",5,0,1178,1178,"Ambiguous","Consistent",1178
"28161",40,48,"spillover2","fp",75,"spillover2 fp",8,0,1288,1288,"Unambiguous","Inconsistent",1288
"28163",40,45,"spillover2","fp",75,"spillover2 fp",5,0,661,661,"Ambiguous","Consistent",661
"28165",40,26,"spillover2","fp",75,"spillover2 fp",6,0,483,483,"Unambiguous","Consistent",483
"28167",40,36,"spillover2","fp",75,"spillover2 fp",8,0,1104,1104,"Unambiguous","Inconsistent",1104
"28169",40,44,"spillover2","fp",75,"spillover2 fp",8,0,1677,1677,"Unambiguous","Inconsistent",1677
