"","subject","item","region","measure","proficiency","sort","condition","skips","rawdata","nozero","ambiguity","gender","trimmed_nozero"
"290",1,18,"spillover1","rp",74,"spillover1 rp",2,0,251,251,"Ambiguous","Mismatch",251
"292",1,15,"spillover1","rp",74,"spillover1 rp",3,0,191,191,"Unambiguous","Match",191
"294",1,1,"spillover1","rp",74,"spillover1 rp",1,0,188,188,"Ambiguous","Match",188
"296",1,6,"spillover1","rp",74,"spillover1 rp",2,0,165,165,"Ambiguous","Mismatch",165
"298",1,3,"spillover1","rp",74,"spillover1 rp",3,0,188,188,"Unambiguous","Match",188
"300",1,14,"spillover1","rp",74,"spillover1 rp",2,1,0,NA,"Ambiguous","Mismatch",NA
"302",1,4,"spillover1","rp",74,"spillover1 rp",4,0,332,332,"Unambiguous","Mismatch",332
"304",1,17,"spillover1","rp",74,"spillover1 rp",1,0,160,160,"Ambiguous","Match",160
"306",1,5,"spillover1","rp",74,"spillover1 rp",1,0,178,178,"Ambiguous","Match",178
"308",1,13,"spillover1","rp",74,"spillover1 rp",1,0,198,198,"Ambiguous","Match",198
"310",1,22,"spillover1","rp",74,"spillover1 rp",2,0,224,224,"Ambiguous","Mismatch",224
"312",1,8,"spillover1","rp",74,"spillover1 rp",4,0,168,168,"Unambiguous","Mismatch",168
"314",1,9,"spillover1","rp",74,"spillover1 rp",1,0,151,151,"Ambiguous","Match",151
"316",1,19,"spillover1","rp",74,"spillover1 rp",3,0,173,173,"Unambiguous","Match",173
"318",1,24,"spillover1","rp",74,"spillover1 rp",4,0,181,181,"Unambiguous","Mismatch",181
"320",1,12,"spillover1","rp",74,"spillover1 rp",4,0,2425,2425,"Unambiguous","Mismatch",NA
"322",1,20,"spillover1","rp",74,"spillover1 rp",4,1,0,NA,"Unambiguous","Mismatch",NA
"324",1,10,"spillover1","rp",74,"spillover1 rp",2,0,270,270,"Ambiguous","Mismatch",270
"326",1,11,"spillover1","rp",74,"spillover1 rp",3,0,466,466,"Unambiguous","Match",466
"328",1,16,"spillover1","rp",74,"spillover1 rp",4,0,250,250,"Unambiguous","Mismatch",250
"330",1,7,"spillover1","rp",74,"spillover1 rp",3,0,281,281,"Unambiguous","Match",281
"332",1,2,"spillover1","rp",74,"spillover1 rp",2,0,159,159,"Ambiguous","Mismatch",159
"334",1,21,"spillover1","rp",74,"spillover1 rp",1,0,183,183,"Ambiguous","Match",183
"336",1,23,"spillover1","rp",74,"spillover1 rp",3,0,157,157,"Unambiguous","Match",157
"1010",2,16,"spillover1","rp",71,"spillover1 rp",1,0,359,359,"Ambiguous","Match",359
"1012",2,4,"spillover1","rp",71,"spillover1 rp",1,0,614,614,"Ambiguous","Match",614
"1014",2,2,"spillover1","rp",71,"spillover1 rp",3,0,231,231,"Unambiguous","Match",231
"1016",2,13,"spillover1","rp",71,"spillover1 rp",2,0,283,283,"Ambiguous","Mismatch",283
"1018",2,19,"spillover1","rp",71,"spillover1 rp",4,0,428,428,"Unambiguous","Mismatch",428
"1020",2,12,"spillover1","rp",71,"spillover1 rp",1,0,1656,1656,"Ambiguous","Match",NA
"1022",2,10,"spillover1","rp",71,"spillover1 rp",3,0,178,178,"Unambiguous","Match",178
"1024",2,3,"spillover1","rp",71,"spillover1 rp",4,1,0,NA,"Unambiguous","Mismatch",NA
"1026",2,9,"spillover1","rp",71,"spillover1 rp",2,0,192,192,"Ambiguous","Mismatch",192
"1028",2,21,"spillover1","rp",71,"spillover1 rp",2,0,166,166,"Ambiguous","Mismatch",166
"1030",2,15,"spillover1","rp",71,"spillover1 rp",4,0,417,417,"Unambiguous","Mismatch",417
"1032",2,18,"spillover1","rp",71,"spillover1 rp",3,1,0,NA,"Unambiguous","Match",NA
"1034",2,6,"spillover1","rp",71,"spillover1 rp",3,1,0,NA,"Unambiguous","Match",NA
"1036",2,5,"spillover1","rp",71,"spillover1 rp",2,1,0,NA,"Ambiguous","Mismatch",NA
"1038",2,14,"spillover1","rp",71,"spillover1 rp",3,0,163,163,"Unambiguous","Match",163
"1040",2,1,"spillover1","rp",71,"spillover1 rp",2,0,162,162,"Ambiguous","Mismatch",162
"1042",2,20,"spillover1","rp",71,"spillover1 rp",1,1,0,NA,"Ambiguous","Match",NA
"1044",2,11,"spillover1","rp",71,"spillover1 rp",4,0,207,207,"Unambiguous","Mismatch",207
"1046",2,7,"spillover1","rp",71,"spillover1 rp",4,0,430,430,"Unambiguous","Mismatch",430
"1048",2,23,"spillover1","rp",71,"spillover1 rp",4,0,364,364,"Unambiguous","Mismatch",364
"1050",2,8,"spillover1","rp",71,"spillover1 rp",1,0,280,280,"Ambiguous","Match",280
"1052",2,17,"spillover1","rp",71,"spillover1 rp",2,0,245,245,"Ambiguous","Mismatch",245
"1054",2,24,"spillover1","rp",71,"spillover1 rp",1,1,0,NA,"Ambiguous","Match",NA
"1056",2,22,"spillover1","rp",71,"spillover1 rp",3,1,0,NA,"Unambiguous","Match",NA
"1730",3,18,"spillover1","rp",72,"spillover1 rp",4,0,424,424,"Unambiguous","Mismatch",424
"1732",3,7,"spillover1","rp",72,"spillover1 rp",1,0,393,393,"Ambiguous","Match",393
"1734",3,16,"spillover1","rp",72,"spillover1 rp",2,0,225,225,"Ambiguous","Mismatch",225
"1736",3,5,"spillover1","rp",72,"spillover1 rp",3,0,236,236,"Unambiguous","Match",236
"1738",3,24,"spillover1","rp",72,"spillover1 rp",2,0,199,199,"Ambiguous","Mismatch",199
"1740",3,4,"spillover1","rp",72,"spillover1 rp",2,0,505,505,"Ambiguous","Mismatch",505
"1742",3,14,"spillover1","rp",72,"spillover1 rp",4,0,255,255,"Unambiguous","Mismatch",255
"1744",3,1,"spillover1","rp",72,"spillover1 rp",3,0,389,389,"Unambiguous","Match",389
"1746",3,9,"spillover1","rp",72,"spillover1 rp",3,0,176,176,"Unambiguous","Match",176
"1748",3,22,"spillover1","rp",72,"spillover1 rp",4,0,632,632,"Unambiguous","Mismatch",632
"1750",3,10,"spillover1","rp",72,"spillover1 rp",4,0,346,346,"Unambiguous","Mismatch",346
"1752",3,6,"spillover1","rp",72,"spillover1 rp",4,0,203,203,"Unambiguous","Mismatch",203
"1754",3,23,"spillover1","rp",72,"spillover1 rp",1,0,2317,2317,"Ambiguous","Match",NA
"1756",3,17,"spillover1","rp",72,"spillover1 rp",3,0,265,265,"Unambiguous","Match",265
"1758",3,19,"spillover1","rp",72,"spillover1 rp",1,0,148,148,"Ambiguous","Match",148
"1760",3,13,"spillover1","rp",72,"spillover1 rp",3,0,227,227,"Unambiguous","Match",227
"1762",3,20,"spillover1","rp",72,"spillover1 rp",2,0,193,193,"Ambiguous","Mismatch",193
"1764",3,11,"spillover1","rp",72,"spillover1 rp",1,0,405,405,"Ambiguous","Match",405
"1766",3,2,"spillover1","rp",72,"spillover1 rp",4,0,414,414,"Unambiguous","Mismatch",414
"1768",3,12,"spillover1","rp",72,"spillover1 rp",2,0,272,272,"Ambiguous","Mismatch",272
"1770",3,21,"spillover1","rp",72,"spillover1 rp",3,0,511,511,"Unambiguous","Match",511
"1772",3,15,"spillover1","rp",72,"spillover1 rp",1,0,345,345,"Ambiguous","Match",345
"1774",3,8,"spillover1","rp",72,"spillover1 rp",2,0,498,498,"Ambiguous","Mismatch",498
"1776",3,3,"spillover1","rp",72,"spillover1 rp",1,0,390,390,"Ambiguous","Match",390
"2426",4,7,"spillover1","rp",66,"spillover1 rp",2,0,4291,4291,"Ambiguous","Mismatch",NA
"2428",4,8,"spillover1","rp",66,"spillover1 rp",3,0,675,675,"Unambiguous","Match",675
"2430",4,11,"spillover1","rp",66,"spillover1 rp",2,0,687,687,"Ambiguous","Mismatch",687
"2432",4,22,"spillover1","rp",66,"spillover1 rp",1,1,0,NA,"Ambiguous","Match",NA
"2434",4,1,"spillover1","rp",66,"spillover1 rp",4,0,134,134,"Unambiguous","Mismatch",134
"2436",4,20,"spillover1","rp",66,"spillover1 rp",3,0,455,455,"Unambiguous","Match",455
"2438",4,23,"spillover1","rp",66,"spillover1 rp",2,0,236,236,"Ambiguous","Mismatch",236
"2440",4,3,"spillover1","rp",66,"spillover1 rp",2,0,270,270,"Ambiguous","Mismatch",270
"2443",4,19,"spillover1","rp",66,"spillover1 rp",2,0,518,518,"Ambiguous","Mismatch",518
"2445",4,13,"spillover1","rp",66,"spillover1 rp",4,0,236,236,"Unambiguous","Mismatch",236
"2447",4,9,"spillover1","rp",66,"spillover1 rp",4,0,271,271,"Unambiguous","Mismatch",271
"2449",4,2,"spillover1","rp",66,"spillover1 rp",1,0,489,489,"Ambiguous","Match",489
"2452",4,4,"spillover1","rp",66,"spillover1 rp",3,0,554,554,"Unambiguous","Match",554
"2454",4,12,"spillover1","rp",66,"spillover1 rp",3,0,232,232,"Unambiguous","Match",232
"2456",4,16,"spillover1","rp",66,"spillover1 rp",3,0,244,244,"Unambiguous","Match",244
"2459",4,18,"spillover1","rp",66,"spillover1 rp",1,0,489,489,"Ambiguous","Match",489
"2461",4,24,"spillover1","rp",66,"spillover1 rp",3,0,256,256,"Unambiguous","Match",256
"2463",4,6,"spillover1","rp",66,"spillover1 rp",1,0,523,523,"Ambiguous","Match",523
"2465",4,17,"spillover1","rp",66,"spillover1 rp",4,0,242,242,"Unambiguous","Mismatch",242
"2468",4,14,"spillover1","rp",66,"spillover1 rp",1,0,246,246,"Ambiguous","Match",246
"3109",5,13,"spillover1","rp",71,"spillover1 rp",1,0,315,315,"Ambiguous","Match",315
"3111",5,4,"spillover1","rp",71,"spillover1 rp",4,0,379,379,"Unambiguous","Mismatch",379
"3113",5,9,"spillover1","rp",71,"spillover1 rp",1,0,302,302,"Ambiguous","Match",302
"3115",5,8,"spillover1","rp",71,"spillover1 rp",4,0,401,401,"Unambiguous","Mismatch",401
"3117",5,7,"spillover1","rp",71,"spillover1 rp",3,0,374,374,"Unambiguous","Match",374
"3119",5,16,"spillover1","rp",71,"spillover1 rp",4,0,260,260,"Unambiguous","Mismatch",260
"3121",5,19,"spillover1","rp",71,"spillover1 rp",3,0,294,294,"Unambiguous","Match",294
"3123",5,17,"spillover1","rp",71,"spillover1 rp",1,0,675,675,"Ambiguous","Match",675
"3125",5,3,"spillover1","rp",71,"spillover1 rp",3,0,304,304,"Unambiguous","Match",304
"3127",5,14,"spillover1","rp",71,"spillover1 rp",2,0,329,329,"Ambiguous","Mismatch",329
"3129",5,1,"spillover1","rp",71,"spillover1 rp",1,0,291,291,"Ambiguous","Match",291
"3131",5,15,"spillover1","rp",71,"spillover1 rp",3,0,236,236,"Unambiguous","Match",236
"3133",5,22,"spillover1","rp",71,"spillover1 rp",2,0,293,293,"Ambiguous","Mismatch",293
"3135",5,18,"spillover1","rp",71,"spillover1 rp",2,0,275,275,"Ambiguous","Mismatch",275
"3137",5,5,"spillover1","rp",71,"spillover1 rp",1,0,341,341,"Ambiguous","Match",341
"3139",5,2,"spillover1","rp",71,"spillover1 rp",2,0,379,379,"Ambiguous","Mismatch",379
"3141",5,23,"spillover1","rp",71,"spillover1 rp",3,0,300,300,"Unambiguous","Match",300
"3143",5,21,"spillover1","rp",71,"spillover1 rp",1,0,377,377,"Ambiguous","Match",377
"3145",5,20,"spillover1","rp",71,"spillover1 rp",4,0,377,377,"Unambiguous","Mismatch",377
"3147",5,10,"spillover1","rp",71,"spillover1 rp",2,0,2153,2153,"Ambiguous","Mismatch",NA
"3149",5,12,"spillover1","rp",71,"spillover1 rp",4,0,309,309,"Unambiguous","Mismatch",309
"3151",5,11,"spillover1","rp",71,"spillover1 rp",3,0,357,357,"Unambiguous","Match",357
"3153",5,24,"spillover1","rp",71,"spillover1 rp",4,0,361,361,"Unambiguous","Mismatch",361
"3155",5,6,"spillover1","rp",71,"spillover1 rp",2,0,442,442,"Ambiguous","Mismatch",442
"3830",6,4,"spillover1","rp",70,"spillover1 rp",1,0,317,317,"Ambiguous","Match",317
"3832",6,23,"spillover1","rp",70,"spillover1 rp",4,0,285,285,"Unambiguous","Mismatch",285
"3834",6,12,"spillover1","rp",70,"spillover1 rp",1,1,0,NA,"Ambiguous","Match",NA
"3836",6,19,"spillover1","rp",70,"spillover1 rp",4,0,273,273,"Unambiguous","Mismatch",273
"3838",6,21,"spillover1","rp",70,"spillover1 rp",2,1,0,NA,"Ambiguous","Mismatch",NA
"3840",6,9,"spillover1","rp",70,"spillover1 rp",2,0,637,637,"Ambiguous","Mismatch",637
"3842",6,3,"spillover1","rp",70,"spillover1 rp",4,1,0,NA,"Unambiguous","Mismatch",NA
"3844",6,1,"spillover1","rp",70,"spillover1 rp",2,0,245,245,"Ambiguous","Mismatch",245
"3846",6,6,"spillover1","rp",70,"spillover1 rp",3,0,1513,1513,"Unambiguous","Match",1513
"3848",6,14,"spillover1","rp",70,"spillover1 rp",3,0,275,275,"Unambiguous","Match",275
"3850",6,7,"spillover1","rp",70,"spillover1 rp",4,0,332,332,"Unambiguous","Mismatch",332
"3852",6,8,"spillover1","rp",70,"spillover1 rp",1,0,842,842,"Ambiguous","Match",842
"3854",6,18,"spillover1","rp",70,"spillover1 rp",3,1,0,NA,"Unambiguous","Match",NA
"3856",6,24,"spillover1","rp",70,"spillover1 rp",1,0,503,503,"Ambiguous","Match",503
"3858",6,15,"spillover1","rp",70,"spillover1 rp",4,0,381,381,"Unambiguous","Mismatch",381
"3860",6,10,"spillover1","rp",70,"spillover1 rp",3,1,0,NA,"Unambiguous","Match",NA
"3862",6,16,"spillover1","rp",70,"spillover1 rp",1,1,0,NA,"Ambiguous","Match",NA
"3864",6,13,"spillover1","rp",70,"spillover1 rp",2,0,313,313,"Ambiguous","Mismatch",313
"3866",6,17,"spillover1","rp",70,"spillover1 rp",2,0,966,966,"Ambiguous","Mismatch",966
"3868",6,22,"spillover1","rp",70,"spillover1 rp",3,1,0,NA,"Unambiguous","Match",NA
"3870",6,20,"spillover1","rp",70,"spillover1 rp",1,0,277,277,"Ambiguous","Match",277
"3872",6,5,"spillover1","rp",70,"spillover1 rp",2,1,0,NA,"Ambiguous","Mismatch",NA
"3874",6,11,"spillover1","rp",70,"spillover1 rp",4,0,298,298,"Unambiguous","Mismatch",298
"3876",6,2,"spillover1","rp",70,"spillover1 rp",3,0,238,238,"Unambiguous","Match",238
"4550",7,20,"spillover1","rp",63,"spillover1 rp",2,0,124,124,"Ambiguous","Mismatch",124
"4552",7,4,"spillover1","rp",63,"spillover1 rp",2,0,210,210,"Ambiguous","Mismatch",210
"4554",7,14,"spillover1","rp",63,"spillover1 rp",4,0,252,252,"Unambiguous","Mismatch",252
"4556",7,24,"spillover1","rp",63,"spillover1 rp",2,0,246,246,"Ambiguous","Mismatch",246
"4558",7,8,"spillover1","rp",63,"spillover1 rp",2,0,163,163,"Ambiguous","Mismatch",163
"4560",7,21,"spillover1","rp",63,"spillover1 rp",3,1,0,NA,"Unambiguous","Match",NA
"4562",7,18,"spillover1","rp",63,"spillover1 rp",4,0,210,210,"Unambiguous","Mismatch",210
"4564",7,5,"spillover1","rp",63,"spillover1 rp",3,0,182,182,"Unambiguous","Match",182
"4566",7,1,"spillover1","rp",63,"spillover1 rp",3,0,134,134,"Unambiguous","Match",134
"4568",7,19,"spillover1","rp",63,"spillover1 rp",1,0,182,182,"Ambiguous","Match",182
"4570",7,16,"spillover1","rp",63,"spillover1 rp",2,0,726,726,"Ambiguous","Mismatch",NA
"4572",7,15,"spillover1","rp",63,"spillover1 rp",1,0,130,130,"Ambiguous","Match",130
"4574",7,23,"spillover1","rp",63,"spillover1 rp",1,0,171,171,"Ambiguous","Match",171
"4576",7,10,"spillover1","rp",63,"spillover1 rp",4,0,233,233,"Unambiguous","Mismatch",233
"4578",7,9,"spillover1","rp",63,"spillover1 rp",3,0,144,144,"Unambiguous","Match",144
"4580",7,6,"spillover1","rp",63,"spillover1 rp",4,0,180,180,"Unambiguous","Mismatch",180
"4582",7,2,"spillover1","rp",63,"spillover1 rp",4,0,139,139,"Unambiguous","Mismatch",139
"4584",7,7,"spillover1","rp",63,"spillover1 rp",1,1,0,NA,"Ambiguous","Match",NA
"4586",7,13,"spillover1","rp",63,"spillover1 rp",3,0,175,175,"Unambiguous","Match",175
"4588",7,12,"spillover1","rp",63,"spillover1 rp",2,0,238,238,"Ambiguous","Mismatch",238
"4590",7,11,"spillover1","rp",63,"spillover1 rp",1,0,192,192,"Ambiguous","Match",192
"4592",7,3,"spillover1","rp",63,"spillover1 rp",1,0,106,106,"Ambiguous","Match",106
"4594",7,17,"spillover1","rp",63,"spillover1 rp",3,0,214,214,"Unambiguous","Match",214
"4596",7,22,"spillover1","rp",63,"spillover1 rp",4,0,110,110,"Unambiguous","Mismatch",110
"5269",8,1,"spillover1","rp",63,"spillover1 rp",4,0,977,977,"Unambiguous","Mismatch",977
"5271",8,8,"spillover1","rp",63,"spillover1 rp",3,1,0,NA,"Unambiguous","Match",NA
"5273",8,4,"spillover1","rp",63,"spillover1 rp",3,0,286,286,"Unambiguous","Match",286
"5275",8,5,"spillover1","rp",63,"spillover1 rp",4,1,0,NA,"Unambiguous","Mismatch",NA
"5277",8,15,"spillover1","rp",63,"spillover1 rp",2,1,0,NA,"Ambiguous","Mismatch",NA
"5279",8,14,"spillover1","rp",63,"spillover1 rp",1,0,156,156,"Ambiguous","Match",156
"5281",8,21,"spillover1","rp",63,"spillover1 rp",4,0,187,187,"Unambiguous","Mismatch",187
"5283",8,18,"spillover1","rp",63,"spillover1 rp",1,1,0,NA,"Ambiguous","Match",NA
"5285",8,2,"spillover1","rp",63,"spillover1 rp",1,1,0,NA,"Ambiguous","Match",NA
"5287",8,11,"spillover1","rp",63,"spillover1 rp",2,0,217,217,"Ambiguous","Mismatch",217
"5289",8,22,"spillover1","rp",63,"spillover1 rp",1,1,0,NA,"Ambiguous","Match",NA
"5291",8,12,"spillover1","rp",63,"spillover1 rp",3,0,231,231,"Unambiguous","Match",231
"5293",8,20,"spillover1","rp",63,"spillover1 rp",3,0,251,251,"Unambiguous","Match",251
"5295",8,23,"spillover1","rp",63,"spillover1 rp",2,0,1675,1675,"Ambiguous","Mismatch",1675
"5297",8,9,"spillover1","rp",63,"spillover1 rp",4,0,170,170,"Unambiguous","Mismatch",170
"5299",8,16,"spillover1","rp",63,"spillover1 rp",3,0,250,250,"Unambiguous","Match",250
"5301",8,3,"spillover1","rp",63,"spillover1 rp",2,0,3273,3273,"Ambiguous","Mismatch",3273
"5303",8,6,"spillover1","rp",63,"spillover1 rp",1,0,220,220,"Ambiguous","Match",220
"5305",8,19,"spillover1","rp",63,"spillover1 rp",2,1,0,NA,"Ambiguous","Mismatch",NA
"5307",8,17,"spillover1","rp",63,"spillover1 rp",4,1,0,NA,"Unambiguous","Mismatch",NA
"5309",8,10,"spillover1","rp",63,"spillover1 rp",1,1,0,NA,"Ambiguous","Match",NA
"5311",8,7,"spillover1","rp",63,"spillover1 rp",2,0,304,304,"Ambiguous","Mismatch",304
"5313",8,24,"spillover1","rp",63,"spillover1 rp",3,1,0,NA,"Unambiguous","Match",NA
"5315",8,13,"spillover1","rp",63,"spillover1 rp",4,1,0,NA,"Unambiguous","Mismatch",NA
"5990",9,16,"spillover1","rp",70,"spillover1 rp",4,0,214,214,"Unambiguous","Mismatch",214
"5992",9,21,"spillover1","rp",70,"spillover1 rp",1,0,228,228,"Ambiguous","Match",228
"5994",9,5,"spillover1","rp",70,"spillover1 rp",1,0,370,370,"Ambiguous","Match",370
"5996",9,11,"spillover1","rp",70,"spillover1 rp",3,0,224,224,"Unambiguous","Match",224
"5998",9,14,"spillover1","rp",70,"spillover1 rp",2,0,312,312,"Ambiguous","Mismatch",312
"6000",9,3,"spillover1","rp",70,"spillover1 rp",3,0,238,238,"Unambiguous","Match",238
"6002",9,2,"spillover1","rp",70,"spillover1 rp",2,0,220,220,"Ambiguous","Mismatch",220
"6004",9,10,"spillover1","rp",70,"spillover1 rp",2,0,852,852,"Ambiguous","Mismatch",852
"6006",9,24,"spillover1","rp",70,"spillover1 rp",4,0,252,252,"Unambiguous","Mismatch",252
"6008",9,7,"spillover1","rp",70,"spillover1 rp",3,0,416,416,"Unambiguous","Match",416
"6010",9,20,"spillover1","rp",70,"spillover1 rp",4,0,264,264,"Unambiguous","Mismatch",264
"6012",9,19,"spillover1","rp",70,"spillover1 rp",3,0,356,356,"Unambiguous","Match",356
"6014",9,15,"spillover1","rp",70,"spillover1 rp",3,0,260,260,"Unambiguous","Match",260
"6016",9,1,"spillover1","rp",70,"spillover1 rp",1,0,292,292,"Ambiguous","Match",292
"6018",9,18,"spillover1","rp",70,"spillover1 rp",2,0,234,234,"Ambiguous","Mismatch",234
"6020",9,17,"spillover1","rp",70,"spillover1 rp",1,0,250,250,"Ambiguous","Match",250
"6022",9,23,"spillover1","rp",70,"spillover1 rp",3,0,430,430,"Unambiguous","Match",430
"6024",9,9,"spillover1","rp",70,"spillover1 rp",1,0,440,440,"Ambiguous","Match",440
"6026",9,13,"spillover1","rp",70,"spillover1 rp",1,0,234,234,"Ambiguous","Match",234
"6028",9,4,"spillover1","rp",70,"spillover1 rp",4,0,114,114,"Unambiguous","Mismatch",114
"6030",9,22,"spillover1","rp",70,"spillover1 rp",2,0,702,702,"Ambiguous","Mismatch",702
"6032",9,8,"spillover1","rp",70,"spillover1 rp",4,0,326,326,"Unambiguous","Mismatch",326
"6034",9,12,"spillover1","rp",70,"spillover1 rp",4,0,186,186,"Unambiguous","Mismatch",186
"6036",9,6,"spillover1","rp",70,"spillover1 rp",2,0,466,466,"Ambiguous","Mismatch",466
"6709",10,23,"spillover1","rp",70,"spillover1 rp",4,0,218,218,"Unambiguous","Mismatch",218
"6711",10,18,"spillover1","rp",70,"spillover1 rp",3,0,202,202,"Unambiguous","Match",202
"6713",10,19,"spillover1","rp",70,"spillover1 rp",4,0,198,198,"Unambiguous","Mismatch",198
"6715",10,16,"spillover1","rp",70,"spillover1 rp",1,0,2378,2378,"Ambiguous","Match",NA
"6717",10,17,"spillover1","rp",70,"spillover1 rp",2,0,264,264,"Ambiguous","Mismatch",264
"6719",10,1,"spillover1","rp",70,"spillover1 rp",2,0,356,356,"Ambiguous","Mismatch",356
"6721",10,22,"spillover1","rp",70,"spillover1 rp",3,0,234,234,"Unambiguous","Match",234
"6723",10,20,"spillover1","rp",70,"spillover1 rp",1,0,258,258,"Ambiguous","Match",258
"6725",10,14,"spillover1","rp",70,"spillover1 rp",3,0,150,150,"Unambiguous","Match",150
"6727",10,11,"spillover1","rp",70,"spillover1 rp",4,0,466,466,"Unambiguous","Mismatch",466
"6729",10,15,"spillover1","rp",70,"spillover1 rp",4,0,244,244,"Unambiguous","Mismatch",244
"6731",10,7,"spillover1","rp",70,"spillover1 rp",4,0,214,214,"Unambiguous","Mismatch",214
"6733",10,13,"spillover1","rp",70,"spillover1 rp",2,0,200,200,"Ambiguous","Mismatch",200
"6735",10,24,"spillover1","rp",70,"spillover1 rp",1,0,132,132,"Ambiguous","Match",132
"6737",10,8,"spillover1","rp",70,"spillover1 rp",1,0,238,238,"Ambiguous","Match",238
"6739",10,3,"spillover1","rp",70,"spillover1 rp",4,0,240,240,"Unambiguous","Mismatch",240
"6741",10,6,"spillover1","rp",70,"spillover1 rp",3,0,218,218,"Unambiguous","Match",218
"6743",10,4,"spillover1","rp",70,"spillover1 rp",1,0,214,214,"Ambiguous","Match",214
"6745",10,5,"spillover1","rp",70,"spillover1 rp",2,0,224,224,"Ambiguous","Mismatch",224
"6747",10,21,"spillover1","rp",70,"spillover1 rp",2,0,214,214,"Ambiguous","Mismatch",214
"6749",10,9,"spillover1","rp",70,"spillover1 rp",2,1,0,NA,"Ambiguous","Mismatch",NA
"6751",10,2,"spillover1","rp",70,"spillover1 rp",3,0,164,164,"Unambiguous","Match",164
"6753",10,12,"spillover1","rp",70,"spillover1 rp",1,0,226,226,"Ambiguous","Match",226
"6755",10,10,"spillover1","rp",70,"spillover1 rp",3,0,116,116,"Unambiguous","Match",116
"7429",11,3,"spillover1","rp",73,"spillover1 rp",1,0,610,610,"Ambiguous","Match",610
"7431",11,18,"spillover1","rp",73,"spillover1 rp",4,0,202,202,"Unambiguous","Mismatch",202
"7433",11,24,"spillover1","rp",73,"spillover1 rp",2,0,260,260,"Ambiguous","Mismatch",260
"7435",11,15,"spillover1","rp",73,"spillover1 rp",1,0,1280,1280,"Ambiguous","Match",1280
"7437",11,9,"spillover1","rp",73,"spillover1 rp",3,0,324,324,"Unambiguous","Match",324
"7439",11,10,"spillover1","rp",73,"spillover1 rp",4,0,210,210,"Unambiguous","Mismatch",210
"7441",11,2,"spillover1","rp",73,"spillover1 rp",4,0,386,386,"Unambiguous","Mismatch",386
"7443",11,19,"spillover1","rp",73,"spillover1 rp",1,0,1918,1918,"Ambiguous","Match",1918
"7445",11,12,"spillover1","rp",73,"spillover1 rp",2,0,254,254,"Ambiguous","Mismatch",254
"7447",11,16,"spillover1","rp",73,"spillover1 rp",2,0,354,354,"Ambiguous","Mismatch",354
"7449",11,22,"spillover1","rp",73,"spillover1 rp",4,0,1514,1514,"Unambiguous","Mismatch",1514
"7451",11,21,"spillover1","rp",73,"spillover1 rp",3,0,226,226,"Unambiguous","Match",226
"7453",11,1,"spillover1","rp",73,"spillover1 rp",3,0,216,216,"Unambiguous","Match",216
"7455",11,20,"spillover1","rp",73,"spillover1 rp",2,0,240,240,"Ambiguous","Mismatch",240
"7457",11,14,"spillover1","rp",73,"spillover1 rp",4,0,530,530,"Unambiguous","Mismatch",530
"7459",11,17,"spillover1","rp",73,"spillover1 rp",3,0,416,416,"Unambiguous","Match",416
"7461",11,4,"spillover1","rp",73,"spillover1 rp",2,0,876,876,"Ambiguous","Mismatch",876
"7463",11,11,"spillover1","rp",73,"spillover1 rp",1,0,304,304,"Ambiguous","Match",304
"7465",11,6,"spillover1","rp",73,"spillover1 rp",4,0,330,330,"Unambiguous","Mismatch",330
"7467",11,8,"spillover1","rp",73,"spillover1 rp",2,0,6510,6510,"Ambiguous","Mismatch",NA
"7469",11,23,"spillover1","rp",73,"spillover1 rp",1,0,350,350,"Ambiguous","Match",350
"7471",11,5,"spillover1","rp",73,"spillover1 rp",3,0,270,270,"Unambiguous","Match",270
"7473",11,7,"spillover1","rp",73,"spillover1 rp",1,0,1288,1288,"Ambiguous","Match",1288
"7475",11,13,"spillover1","rp",73,"spillover1 rp",3,0,244,244,"Unambiguous","Match",244
"8149",12,14,"spillover1","rp",69,"spillover1 rp",3,0,213,213,"Unambiguous","Match",213
"8151",12,7,"spillover1","rp",69,"spillover1 rp",4,0,181,181,"Unambiguous","Mismatch",181
"8153",12,11,"spillover1","rp",69,"spillover1 rp",4,0,141,141,"Unambiguous","Mismatch",141
"8155",12,19,"spillover1","rp",69,"spillover1 rp",4,0,156,156,"Unambiguous","Mismatch",156
"8157",12,24,"spillover1","rp",69,"spillover1 rp",1,0,220,220,"Ambiguous","Match",220
"8159",12,18,"spillover1","rp",69,"spillover1 rp",3,0,131,131,"Unambiguous","Match",131
"8161",12,15,"spillover1","rp",69,"spillover1 rp",4,0,186,186,"Unambiguous","Mismatch",186
"8163",12,20,"spillover1","rp",69,"spillover1 rp",1,1,0,NA,"Ambiguous","Match",NA
"8165",12,22,"spillover1","rp",69,"spillover1 rp",3,0,224,224,"Unambiguous","Match",224
"8167",12,23,"spillover1","rp",69,"spillover1 rp",4,0,174,174,"Unambiguous","Mismatch",174
"8169",12,2,"spillover1","rp",69,"spillover1 rp",3,0,164,164,"Unambiguous","Match",164
"8171",12,6,"spillover1","rp",69,"spillover1 rp",3,1,0,NA,"Unambiguous","Match",NA
"8173",12,3,"spillover1","rp",69,"spillover1 rp",4,1,0,NA,"Unambiguous","Mismatch",NA
"8175",12,4,"spillover1","rp",69,"spillover1 rp",1,0,158,158,"Ambiguous","Match",158
"8177",12,9,"spillover1","rp",69,"spillover1 rp",2,0,3267,3267,"Ambiguous","Mismatch",3267
"8179",12,1,"spillover1","rp",69,"spillover1 rp",2,0,4244,4244,"Ambiguous","Mismatch",4244
"8181",12,13,"spillover1","rp",69,"spillover1 rp",2,0,858,858,"Ambiguous","Mismatch",858
"8183",12,16,"spillover1","rp",69,"spillover1 rp",1,1,0,NA,"Ambiguous","Match",NA
"8185",12,8,"spillover1","rp",69,"spillover1 rp",1,0,191,191,"Ambiguous","Match",191
"8187",12,5,"spillover1","rp",69,"spillover1 rp",2,0,202,202,"Ambiguous","Mismatch",202
"8189",12,21,"spillover1","rp",69,"spillover1 rp",2,0,409,409,"Ambiguous","Mismatch",409
"8191",12,10,"spillover1","rp",69,"spillover1 rp",3,1,0,NA,"Unambiguous","Match",NA
"8193",12,17,"spillover1","rp",69,"spillover1 rp",2,0,148,148,"Ambiguous","Mismatch",148
"8195",12,12,"spillover1","rp",69,"spillover1 rp",1,0,316,316,"Ambiguous","Match",316
"8870",13,7,"spillover1","rp",75,"spillover1 rp",2,0,3768,3768,"Ambiguous","Mismatch",NA
"8872",13,3,"spillover1","rp",75,"spillover1 rp",2,0,362,362,"Ambiguous","Mismatch",362
"8874",13,20,"spillover1","rp",75,"spillover1 rp",3,0,392,392,"Unambiguous","Match",392
"8876",13,23,"spillover1","rp",75,"spillover1 rp",2,0,324,324,"Ambiguous","Mismatch",324
"8878",13,2,"spillover1","rp",75,"spillover1 rp",1,0,540,540,"Ambiguous","Match",540
"8880",13,13,"spillover1","rp",75,"spillover1 rp",4,0,502,502,"Unambiguous","Mismatch",502
"8882",13,24,"spillover1","rp",75,"spillover1 rp",3,0,412,412,"Unambiguous","Match",412
"8884",13,11,"spillover1","rp",75,"spillover1 rp",2,0,1254,1254,"Ambiguous","Mismatch",1254
"8886",13,14,"spillover1","rp",75,"spillover1 rp",1,0,508,508,"Ambiguous","Match",508
"8888",13,8,"spillover1","rp",75,"spillover1 rp",3,0,188,188,"Unambiguous","Match",188
"8890",13,15,"spillover1","rp",75,"spillover1 rp",2,0,312,312,"Ambiguous","Mismatch",312
"8892",13,4,"spillover1","rp",75,"spillover1 rp",3,0,486,486,"Unambiguous","Match",486
"8894",13,1,"spillover1","rp",75,"spillover1 rp",4,0,340,340,"Unambiguous","Mismatch",340
"8896",13,12,"spillover1","rp",75,"spillover1 rp",3,0,122,122,"Unambiguous","Match",122
"8898",13,10,"spillover1","rp",75,"spillover1 rp",1,0,266,266,"Ambiguous","Match",266
"8900",13,9,"spillover1","rp",75,"spillover1 rp",4,0,302,302,"Unambiguous","Mismatch",302
"8902",13,17,"spillover1","rp",75,"spillover1 rp",4,0,440,440,"Unambiguous","Mismatch",440
"8904",13,22,"spillover1","rp",75,"spillover1 rp",1,0,250,250,"Ambiguous","Match",250
"8906",13,21,"spillover1","rp",75,"spillover1 rp",4,0,334,334,"Unambiguous","Mismatch",334
"8908",13,6,"spillover1","rp",75,"spillover1 rp",1,0,1186,1186,"Ambiguous","Match",1186
"8910",13,5,"spillover1","rp",75,"spillover1 rp",4,0,354,354,"Unambiguous","Mismatch",354
"8912",13,19,"spillover1","rp",75,"spillover1 rp",2,0,306,306,"Ambiguous","Mismatch",306
"8914",13,16,"spillover1","rp",75,"spillover1 rp",3,0,314,314,"Unambiguous","Match",314
"8916",13,18,"spillover1","rp",75,"spillover1 rp",1,0,242,242,"Ambiguous","Match",242
"9589",14,12,"spillover1","rp",68,"spillover1 rp",4,0,332,332,"Unambiguous","Mismatch",332
"9591",14,23,"spillover1","rp",68,"spillover1 rp",3,1,0,NA,"Unambiguous","Match",NA
"9593",14,22,"spillover1","rp",68,"spillover1 rp",2,0,190,190,"Ambiguous","Mismatch",190
"9595",14,20,"spillover1","rp",68,"spillover1 rp",4,0,184,184,"Unambiguous","Mismatch",184
"9597",14,10,"spillover1","rp",68,"spillover1 rp",2,0,1968,1968,"Ambiguous","Mismatch",NA
"9599",14,15,"spillover1","rp",68,"spillover1 rp",3,1,0,NA,"Unambiguous","Match",NA
"9601",14,6,"spillover1","rp",68,"spillover1 rp",2,1,0,NA,"Ambiguous","Mismatch",NA
"9603",14,4,"spillover1","rp",68,"spillover1 rp",4,0,154,154,"Unambiguous","Mismatch",154
"9605",14,18,"spillover1","rp",68,"spillover1 rp",2,1,0,NA,"Ambiguous","Mismatch",NA
"9607",14,7,"spillover1","rp",68,"spillover1 rp",3,0,142,142,"Unambiguous","Match",142
"9609",14,24,"spillover1","rp",68,"spillover1 rp",4,0,280,280,"Unambiguous","Mismatch",280
"9611",14,16,"spillover1","rp",68,"spillover1 rp",4,0,138,138,"Unambiguous","Mismatch",138
"9613",14,3,"spillover1","rp",68,"spillover1 rp",3,1,0,NA,"Unambiguous","Match",NA
"9615",14,2,"spillover1","rp",68,"spillover1 rp",2,1,0,NA,"Ambiguous","Mismatch",NA
"9617",14,21,"spillover1","rp",68,"spillover1 rp",1,1,0,NA,"Ambiguous","Match",NA
"9619",14,13,"spillover1","rp",68,"spillover1 rp",1,0,152,152,"Ambiguous","Match",152
"9621",14,9,"spillover1","rp",68,"spillover1 rp",1,0,290,290,"Ambiguous","Match",290
"9623",14,17,"spillover1","rp",68,"spillover1 rp",1,0,162,162,"Ambiguous","Match",162
"9625",14,19,"spillover1","rp",68,"spillover1 rp",3,0,180,180,"Unambiguous","Match",180
"9627",14,11,"spillover1","rp",68,"spillover1 rp",3,1,0,NA,"Unambiguous","Match",NA
"9629",14,1,"spillover1","rp",68,"spillover1 rp",1,1,0,NA,"Ambiguous","Match",NA
"9631",14,5,"spillover1","rp",68,"spillover1 rp",1,0,180,180,"Ambiguous","Match",180
"9633",14,14,"spillover1","rp",68,"spillover1 rp",2,0,182,182,"Ambiguous","Mismatch",182
"9635",14,8,"spillover1","rp",68,"spillover1 rp",4,0,198,198,"Unambiguous","Mismatch",198
"10285",15,7,"spillover1","rp",77,"spillover1 rp",4,0,358,358,"Unambiguous","Mismatch",358
"10287",15,16,"spillover1","rp",77,"spillover1 rp",1,0,234,234,"Ambiguous","Match",234
"10289",15,14,"spillover1","rp",77,"spillover1 rp",3,0,262,262,"Unambiguous","Match",262
"10291",15,3,"spillover1","rp",77,"spillover1 rp",4,0,272,272,"Unambiguous","Mismatch",272
"10293",15,19,"spillover1","rp",77,"spillover1 rp",4,0,298,298,"Unambiguous","Mismatch",298
"10296",15,11,"spillover1","rp",77,"spillover1 rp",4,0,452,452,"Unambiguous","Mismatch",452
"10298",15,20,"spillover1","rp",77,"spillover1 rp",1,0,270,270,"Ambiguous","Match",270
"10300",15,8,"spillover1","rp",77,"spillover1 rp",1,0,1398,1398,"Ambiguous","Match",NA
"10302",15,17,"spillover1","rp",77,"spillover1 rp",2,0,704,704,"Ambiguous","Mismatch",704
"10304",15,13,"spillover1","rp",77,"spillover1 rp",2,0,290,290,"Ambiguous","Mismatch",290
"10306",15,22,"spillover1","rp",77,"spillover1 rp",3,0,416,416,"Unambiguous","Match",416
"10308",15,18,"spillover1","rp",77,"spillover1 rp",3,0,300,300,"Unambiguous","Match",300
"10310",15,6,"spillover1","rp",77,"spillover1 rp",3,0,266,266,"Unambiguous","Match",266
"10312",15,4,"spillover1","rp",77,"spillover1 rp",1,0,570,570,"Ambiguous","Match",570
"10315",15,12,"spillover1","rp",77,"spillover1 rp",1,0,308,308,"Ambiguous","Match",308
"10318",15,1,"spillover1","rp",77,"spillover1 rp",2,0,286,286,"Ambiguous","Mismatch",286
"10320",15,23,"spillover1","rp",77,"spillover1 rp",4,0,250,250,"Unambiguous","Mismatch",250
"10322",15,2,"spillover1","rp",77,"spillover1 rp",3,0,300,300,"Unambiguous","Match",300
"10324",15,24,"spillover1","rp",77,"spillover1 rp",1,0,272,272,"Ambiguous","Match",272
"10327",15,9,"spillover1","rp",77,"spillover1 rp",2,0,238,238,"Ambiguous","Mismatch",238
"10969",16,12,"spillover1","rp",89,"spillover1 rp",2,0,226,226,"Ambiguous","Mismatch",226
"10971",16,11,"spillover1","rp",89,"spillover1 rp",1,0,168,168,"Ambiguous","Match",168
"10973",16,9,"spillover1","rp",89,"spillover1 rp",3,0,150,150,"Unambiguous","Match",150
"10975",16,14,"spillover1","rp",89,"spillover1 rp",4,0,114,114,"Unambiguous","Mismatch",114
"10977",16,20,"spillover1","rp",89,"spillover1 rp",2,0,158,158,"Ambiguous","Mismatch",158
"10979",16,7,"spillover1","rp",89,"spillover1 rp",1,1,0,NA,"Ambiguous","Match",NA
"10981",16,6,"spillover1","rp",89,"spillover1 rp",4,0,208,208,"Unambiguous","Mismatch",208
"10983",16,18,"spillover1","rp",89,"spillover1 rp",4,0,108,108,"Unambiguous","Mismatch",108
"10985",16,24,"spillover1","rp",89,"spillover1 rp",2,0,310,310,"Ambiguous","Mismatch",310
"10987",16,13,"spillover1","rp",89,"spillover1 rp",3,0,156,156,"Unambiguous","Match",156
"10989",16,3,"spillover1","rp",89,"spillover1 rp",1,0,112,112,"Ambiguous","Match",112
"10991",16,4,"spillover1","rp",89,"spillover1 rp",2,0,164,164,"Ambiguous","Mismatch",164
"10993",16,19,"spillover1","rp",89,"spillover1 rp",1,0,158,158,"Ambiguous","Match",158
"10995",16,21,"spillover1","rp",89,"spillover1 rp",3,0,184,184,"Unambiguous","Match",184
"10997",16,5,"spillover1","rp",89,"spillover1 rp",3,0,186,186,"Unambiguous","Match",186
"10999",16,15,"spillover1","rp",89,"spillover1 rp",1,0,154,154,"Ambiguous","Match",154
"11001",16,22,"spillover1","rp",89,"spillover1 rp",4,0,204,204,"Unambiguous","Mismatch",204
"11003",16,17,"spillover1","rp",89,"spillover1 rp",3,0,408,408,"Unambiguous","Match",408
"11005",16,16,"spillover1","rp",89,"spillover1 rp",2,0,162,162,"Ambiguous","Mismatch",162
"11007",16,8,"spillover1","rp",89,"spillover1 rp",2,0,350,350,"Ambiguous","Mismatch",350
"11009",16,23,"spillover1","rp",89,"spillover1 rp",1,0,102,102,"Ambiguous","Match",102
"11011",16,2,"spillover1","rp",89,"spillover1 rp",4,0,272,272,"Unambiguous","Mismatch",272
"11013",16,1,"spillover1","rp",89,"spillover1 rp",3,0,104,104,"Unambiguous","Match",104
"11015",16,10,"spillover1","rp",89,"spillover1 rp",4,0,140,140,"Unambiguous","Mismatch",140
"11689",17,8,"spillover1","rp",82,"spillover1 rp",3,0,262,262,"Unambiguous","Match",262
"11691",17,16,"spillover1","rp",82,"spillover1 rp",3,0,218,218,"Unambiguous","Match",218
"11693",17,15,"spillover1","rp",82,"spillover1 rp",2,0,692,692,"Ambiguous","Mismatch",692
"11695",17,11,"spillover1","rp",82,"spillover1 rp",2,0,198,198,"Ambiguous","Mismatch",198
"11697",17,1,"spillover1","rp",82,"spillover1 rp",4,0,218,218,"Unambiguous","Mismatch",218
"11699",17,9,"spillover1","rp",82,"spillover1 rp",4,0,416,416,"Unambiguous","Mismatch",416
"11701",17,2,"spillover1","rp",82,"spillover1 rp",1,0,1388,1388,"Ambiguous","Match",1388
"11703",17,20,"spillover1","rp",82,"spillover1 rp",3,0,266,266,"Unambiguous","Match",266
"11705",17,24,"spillover1","rp",82,"spillover1 rp",3,0,664,664,"Unambiguous","Match",664
"11707",17,18,"spillover1","rp",82,"spillover1 rp",1,0,202,202,"Ambiguous","Match",202
"11709",17,6,"spillover1","rp",82,"spillover1 rp",1,0,354,354,"Ambiguous","Match",354
"11711",17,14,"spillover1","rp",82,"spillover1 rp",1,0,308,308,"Ambiguous","Match",308
"11713",17,5,"spillover1","rp",82,"spillover1 rp",4,0,230,230,"Unambiguous","Mismatch",230
"11715",17,13,"spillover1","rp",82,"spillover1 rp",4,0,484,484,"Unambiguous","Mismatch",484
"11717",17,17,"spillover1","rp",82,"spillover1 rp",4,0,196,196,"Unambiguous","Mismatch",196
"11719",17,3,"spillover1","rp",82,"spillover1 rp",2,0,254,254,"Ambiguous","Mismatch",254
"11721",17,4,"spillover1","rp",82,"spillover1 rp",3,0,218,218,"Unambiguous","Match",218
"11723",17,12,"spillover1","rp",82,"spillover1 rp",3,0,224,224,"Unambiguous","Match",224
"11725",17,19,"spillover1","rp",82,"spillover1 rp",2,0,354,354,"Ambiguous","Mismatch",354
"11727",17,22,"spillover1","rp",82,"spillover1 rp",1,0,288,288,"Ambiguous","Match",288
"11729",17,23,"spillover1","rp",82,"spillover1 rp",2,0,252,252,"Ambiguous","Mismatch",252
"11731",17,10,"spillover1","rp",82,"spillover1 rp",1,0,838,838,"Ambiguous","Match",838
"11733",17,21,"spillover1","rp",82,"spillover1 rp",4,0,692,692,"Unambiguous","Mismatch",692
"11735",17,7,"spillover1","rp",82,"spillover1 rp",2,0,586,586,"Ambiguous","Mismatch",586
"12409",18,17,"spillover1","rp",89,"spillover1 rp",1,0,708,708,"Ambiguous","Match",708
"12411",18,5,"spillover1","rp",89,"spillover1 rp",1,0,294,294,"Ambiguous","Match",294
"12413",18,12,"spillover1","rp",89,"spillover1 rp",4,1,0,NA,"Unambiguous","Mismatch",NA
"12415",18,24,"spillover1","rp",89,"spillover1 rp",4,1,0,NA,"Unambiguous","Mismatch",NA
"12417",18,23,"spillover1","rp",89,"spillover1 rp",3,0,244,244,"Unambiguous","Match",244
"12419",18,16,"spillover1","rp",89,"spillover1 rp",4,0,632,632,"Unambiguous","Mismatch",632
"12421",18,8,"spillover1","rp",89,"spillover1 rp",4,0,218,218,"Unambiguous","Mismatch",218
"12423",18,1,"spillover1","rp",89,"spillover1 rp",1,0,230,230,"Ambiguous","Match",230
"12425",18,15,"spillover1","rp",89,"spillover1 rp",3,1,0,NA,"Unambiguous","Match",NA
"12427",18,14,"spillover1","rp",89,"spillover1 rp",2,1,0,NA,"Ambiguous","Mismatch",NA
"12429",18,3,"spillover1","rp",89,"spillover1 rp",3,0,316,316,"Unambiguous","Match",316
"12431",18,18,"spillover1","rp",89,"spillover1 rp",2,0,188,188,"Ambiguous","Mismatch",188
"12433",18,21,"spillover1","rp",89,"spillover1 rp",1,1,0,NA,"Ambiguous","Match",NA
"12435",18,2,"spillover1","rp",89,"spillover1 rp",2,0,286,286,"Ambiguous","Mismatch",286
"12437",18,13,"spillover1","rp",89,"spillover1 rp",1,0,288,288,"Ambiguous","Match",288
"12439",18,20,"spillover1","rp",89,"spillover1 rp",4,0,218,218,"Unambiguous","Mismatch",218
"12441",18,4,"spillover1","rp",89,"spillover1 rp",4,0,240,240,"Unambiguous","Mismatch",240
"12443",18,7,"spillover1","rp",89,"spillover1 rp",3,1,0,NA,"Unambiguous","Match",NA
"12445",18,6,"spillover1","rp",89,"spillover1 rp",2,0,184,184,"Ambiguous","Mismatch",184
"12447",18,10,"spillover1","rp",89,"spillover1 rp",2,0,422,422,"Ambiguous","Mismatch",422
"12449",18,22,"spillover1","rp",89,"spillover1 rp",2,0,634,634,"Ambiguous","Mismatch",634
"12451",18,9,"spillover1","rp",89,"spillover1 rp",1,0,394,394,"Ambiguous","Match",394
"12453",18,19,"spillover1","rp",89,"spillover1 rp",3,0,262,262,"Unambiguous","Match",262
"12455",18,11,"spillover1","rp",89,"spillover1 rp",3,0,182,182,"Unambiguous","Match",182
"13130",19,8,"spillover1","rp",53,"spillover1 rp",1,0,286,286,"Ambiguous","Match",286
"13132",19,7,"spillover1","rp",53,"spillover1 rp",4,0,386,386,"Unambiguous","Mismatch",386
"13134",19,11,"spillover1","rp",53,"spillover1 rp",4,0,172,172,"Unambiguous","Mismatch",172
"13136",19,20,"spillover1","rp",53,"spillover1 rp",1,0,240,240,"Ambiguous","Match",240
"13138",19,21,"spillover1","rp",53,"spillover1 rp",2,0,352,352,"Ambiguous","Mismatch",352
"13140",19,19,"spillover1","rp",53,"spillover1 rp",4,1,0,NA,"Unambiguous","Mismatch",NA
"13142",19,5,"spillover1","rp",53,"spillover1 rp",2,0,242,242,"Ambiguous","Mismatch",242
"13144",19,12,"spillover1","rp",53,"spillover1 rp",1,0,222,222,"Ambiguous","Match",222
"13146",19,2,"spillover1","rp",53,"spillover1 rp",3,0,178,178,"Unambiguous","Match",178
"13148",19,13,"spillover1","rp",53,"spillover1 rp",2,0,224,224,"Ambiguous","Mismatch",224
"13150",19,17,"spillover1","rp",53,"spillover1 rp",2,0,198,198,"Ambiguous","Mismatch",198
"13152",19,6,"spillover1","rp",53,"spillover1 rp",3,1,0,NA,"Unambiguous","Match",NA
"13154",19,18,"spillover1","rp",53,"spillover1 rp",3,0,254,254,"Unambiguous","Match",254
"13156",19,3,"spillover1","rp",53,"spillover1 rp",4,0,290,290,"Unambiguous","Mismatch",290
"13158",19,24,"spillover1","rp",53,"spillover1 rp",1,0,164,164,"Ambiguous","Match",164
"13160",19,1,"spillover1","rp",53,"spillover1 rp",2,0,184,184,"Ambiguous","Mismatch",184
"13162",19,9,"spillover1","rp",53,"spillover1 rp",2,0,176,176,"Ambiguous","Mismatch",176
"13164",19,10,"spillover1","rp",53,"spillover1 rp",3,0,140,140,"Unambiguous","Match",140
"13166",19,23,"spillover1","rp",53,"spillover1 rp",4,0,258,258,"Unambiguous","Mismatch",258
"13168",19,4,"spillover1","rp",53,"spillover1 rp",1,0,264,264,"Ambiguous","Match",264
"13170",19,14,"spillover1","rp",53,"spillover1 rp",3,0,198,198,"Unambiguous","Match",198
"13172",19,22,"spillover1","rp",53,"spillover1 rp",3,0,248,248,"Unambiguous","Match",248
"13174",19,16,"spillover1","rp",53,"spillover1 rp",1,0,182,182,"Ambiguous","Match",182
"13176",19,15,"spillover1","rp",53,"spillover1 rp",4,0,178,178,"Unambiguous","Mismatch",178
"13850",20,6,"spillover1","rp",81,"spillover1 rp",4,0,460,460,"Unambiguous","Mismatch",460
"13852",20,12,"spillover1","rp",81,"spillover1 rp",2,0,164,164,"Ambiguous","Mismatch",164
"13854",20,4,"spillover1","rp",81,"spillover1 rp",2,0,926,926,"Ambiguous","Mismatch",NA
"13856",20,19,"spillover1","rp",81,"spillover1 rp",1,0,162,162,"Ambiguous","Match",162
"13858",20,7,"spillover1","rp",81,"spillover1 rp",1,0,172,172,"Ambiguous","Match",172
"13860",20,22,"spillover1","rp",81,"spillover1 rp",4,0,198,198,"Unambiguous","Mismatch",198
"13862",20,14,"spillover1","rp",81,"spillover1 rp",4,0,180,180,"Unambiguous","Mismatch",180
"13864",20,2,"spillover1","rp",81,"spillover1 rp",4,0,176,176,"Unambiguous","Mismatch",176
"13866",20,8,"spillover1","rp",81,"spillover1 rp",2,0,200,200,"Ambiguous","Mismatch",200
"13868",20,10,"spillover1","rp",81,"spillover1 rp",4,0,322,322,"Unambiguous","Mismatch",322
"13870",20,23,"spillover1","rp",81,"spillover1 rp",1,0,194,194,"Ambiguous","Match",194
"13872",20,13,"spillover1","rp",81,"spillover1 rp",3,0,190,190,"Unambiguous","Match",190
"13874",20,3,"spillover1","rp",81,"spillover1 rp",1,0,184,184,"Ambiguous","Match",184
"13876",20,5,"spillover1","rp",81,"spillover1 rp",3,0,196,196,"Unambiguous","Match",196
"13878",20,21,"spillover1","rp",81,"spillover1 rp",3,0,166,166,"Unambiguous","Match",166
"13880",20,18,"spillover1","rp",81,"spillover1 rp",4,0,222,222,"Unambiguous","Mismatch",222
"13882",20,9,"spillover1","rp",81,"spillover1 rp",3,0,216,216,"Unambiguous","Match",216
"13884",20,17,"spillover1","rp",81,"spillover1 rp",3,0,248,248,"Unambiguous","Match",248
"13886",20,11,"spillover1","rp",81,"spillover1 rp",1,0,222,222,"Ambiguous","Match",222
"13888",20,1,"spillover1","rp",81,"spillover1 rp",3,0,174,174,"Unambiguous","Match",174
"13890",20,24,"spillover1","rp",81,"spillover1 rp",2,0,168,168,"Ambiguous","Mismatch",168
"13892",20,16,"spillover1","rp",81,"spillover1 rp",2,0,222,222,"Ambiguous","Mismatch",222
"13894",20,15,"spillover1","rp",81,"spillover1 rp",1,0,234,234,"Ambiguous","Match",234
"13896",20,20,"spillover1","rp",81,"spillover1 rp",2,0,170,170,"Ambiguous","Mismatch",170
"14570",21,4,"spillover1","rp",86,"spillover1 rp",3,0,784,784,"Unambiguous","Match",784
"14572",21,23,"spillover1","rp",86,"spillover1 rp",2,0,300,300,"Ambiguous","Mismatch",300
"14574",21,22,"spillover1","rp",86,"spillover1 rp",1,1,0,NA,"Ambiguous","Match",NA
"14576",21,2,"spillover1","rp",86,"spillover1 rp",1,0,310,310,"Ambiguous","Match",310
"14578",21,10,"spillover1","rp",86,"spillover1 rp",1,0,422,422,"Ambiguous","Match",422
"14580",21,12,"spillover1","rp",86,"spillover1 rp",3,0,276,276,"Unambiguous","Match",276
"14582",21,18,"spillover1","rp",86,"spillover1 rp",1,0,336,336,"Ambiguous","Match",336
"14584",21,21,"spillover1","rp",86,"spillover1 rp",4,0,284,284,"Unambiguous","Mismatch",284
"14586",21,7,"spillover1","rp",86,"spillover1 rp",2,0,480,480,"Ambiguous","Mismatch",480
"14588",21,14,"spillover1","rp",86,"spillover1 rp",1,0,342,342,"Ambiguous","Match",342
"14590",21,15,"spillover1","rp",86,"spillover1 rp",2,0,268,268,"Ambiguous","Mismatch",268
"14592",21,17,"spillover1","rp",86,"spillover1 rp",4,0,298,298,"Unambiguous","Mismatch",298
"14594",21,16,"spillover1","rp",86,"spillover1 rp",3,0,378,378,"Unambiguous","Match",378
"14596",21,20,"spillover1","rp",86,"spillover1 rp",3,0,248,248,"Unambiguous","Match",248
"14598",21,6,"spillover1","rp",86,"spillover1 rp",1,1,0,NA,"Ambiguous","Match",NA
"14600",21,3,"spillover1","rp",86,"spillover1 rp",2,0,276,276,"Ambiguous","Mismatch",276
"14602",21,9,"spillover1","rp",86,"spillover1 rp",4,0,766,766,"Unambiguous","Mismatch",766
"14604",21,19,"spillover1","rp",86,"spillover1 rp",2,0,532,532,"Ambiguous","Mismatch",532
"14606",21,8,"spillover1","rp",86,"spillover1 rp",3,0,384,384,"Unambiguous","Match",384
"14608",21,5,"spillover1","rp",86,"spillover1 rp",4,0,436,436,"Unambiguous","Mismatch",436
"14610",21,24,"spillover1","rp",86,"spillover1 rp",3,0,332,332,"Unambiguous","Match",332
"14612",21,1,"spillover1","rp",86,"spillover1 rp",4,1,0,NA,"Unambiguous","Mismatch",NA
"14614",21,11,"spillover1","rp",86,"spillover1 rp",2,0,280,280,"Ambiguous","Mismatch",280
"14616",21,13,"spillover1","rp",86,"spillover1 rp",4,0,306,306,"Unambiguous","Mismatch",306
"15289",22,4,"spillover1","rp",53,"spillover1 rp",4,0,410,410,"Unambiguous","Mismatch",410
"15291",22,2,"spillover1","rp",53,"spillover1 rp",2,0,226,226,"Ambiguous","Mismatch",226
"15293",22,16,"spillover1","rp",53,"spillover1 rp",4,0,272,272,"Unambiguous","Mismatch",272
"15295",22,7,"spillover1","rp",53,"spillover1 rp",3,0,212,212,"Unambiguous","Match",212
"15297",22,12,"spillover1","rp",53,"spillover1 rp",4,0,388,388,"Unambiguous","Mismatch",388
"15299",22,20,"spillover1","rp",53,"spillover1 rp",4,0,194,194,"Unambiguous","Mismatch",194
"15301",22,24,"spillover1","rp",53,"spillover1 rp",4,0,188,188,"Unambiguous","Mismatch",188
"15303",22,15,"spillover1","rp",53,"spillover1 rp",3,0,334,334,"Unambiguous","Match",334
"15305",22,22,"spillover1","rp",53,"spillover1 rp",2,0,1412,1412,"Ambiguous","Mismatch",NA
"15307",22,11,"spillover1","rp",53,"spillover1 rp",3,0,192,192,"Unambiguous","Match",192
"15309",22,19,"spillover1","rp",53,"spillover1 rp",3,0,210,210,"Unambiguous","Match",210
"15311",22,21,"spillover1","rp",53,"spillover1 rp",1,0,250,250,"Ambiguous","Match",250
"15313",22,8,"spillover1","rp",53,"spillover1 rp",4,0,716,716,"Unambiguous","Mismatch",716
"15315",22,23,"spillover1","rp",53,"spillover1 rp",3,0,294,294,"Unambiguous","Match",294
"15317",22,14,"spillover1","rp",53,"spillover1 rp",2,0,200,200,"Ambiguous","Mismatch",200
"15319",22,9,"spillover1","rp",53,"spillover1 rp",1,0,730,730,"Ambiguous","Match",730
"15321",22,1,"spillover1","rp",53,"spillover1 rp",1,0,138,138,"Ambiguous","Match",138
"15323",22,3,"spillover1","rp",53,"spillover1 rp",3,0,552,552,"Unambiguous","Match",552
"15325",22,5,"spillover1","rp",53,"spillover1 rp",1,0,346,346,"Ambiguous","Match",346
"15327",22,13,"spillover1","rp",53,"spillover1 rp",1,0,212,212,"Ambiguous","Match",212
"15329",22,6,"spillover1","rp",53,"spillover1 rp",2,0,242,242,"Ambiguous","Mismatch",242
"15331",22,18,"spillover1","rp",53,"spillover1 rp",2,0,158,158,"Ambiguous","Mismatch",158
"15333",22,10,"spillover1","rp",53,"spillover1 rp",2,0,158,158,"Ambiguous","Mismatch",158
"15335",22,17,"spillover1","rp",53,"spillover1 rp",1,0,656,656,"Ambiguous","Match",656
"16009",23,20,"spillover1","rp",79,"spillover1 rp",2,0,166,166,"Ambiguous","Mismatch",166
"16011",23,23,"spillover1","rp",79,"spillover1 rp",1,0,255,255,"Ambiguous","Match",255
"16013",23,16,"spillover1","rp",79,"spillover1 rp",2,0,205,205,"Ambiguous","Mismatch",205
"16015",23,8,"spillover1","rp",79,"spillover1 rp",2,0,465,465,"Ambiguous","Mismatch",465
"16017",23,5,"spillover1","rp",79,"spillover1 rp",3,0,1704,1704,"Unambiguous","Match",1704
"16019",23,7,"spillover1","rp",79,"spillover1 rp",1,0,367,367,"Ambiguous","Match",367
"16021",23,2,"spillover1","rp",79,"spillover1 rp",4,1,0,NA,"Unambiguous","Mismatch",NA
"16023",23,21,"spillover1","rp",79,"spillover1 rp",3,1,0,NA,"Unambiguous","Match",NA
"16025",23,6,"spillover1","rp",79,"spillover1 rp",4,0,237,237,"Unambiguous","Mismatch",237
"16027",23,17,"spillover1","rp",79,"spillover1 rp",3,0,245,245,"Unambiguous","Match",245
"16029",23,12,"spillover1","rp",79,"spillover1 rp",2,1,0,NA,"Ambiguous","Mismatch",NA
"16031",23,13,"spillover1","rp",79,"spillover1 rp",3,1,0,NA,"Unambiguous","Match",NA
"16033",23,24,"spillover1","rp",79,"spillover1 rp",2,0,211,211,"Ambiguous","Mismatch",211
"16035",23,11,"spillover1","rp",79,"spillover1 rp",1,1,0,NA,"Ambiguous","Match",NA
"16037",23,4,"spillover1","rp",79,"spillover1 rp",2,0,193,193,"Ambiguous","Mismatch",193
"16039",23,22,"spillover1","rp",79,"spillover1 rp",4,0,821,821,"Unambiguous","Mismatch",821
"16041",23,14,"spillover1","rp",79,"spillover1 rp",4,1,0,NA,"Unambiguous","Mismatch",NA
"16043",23,3,"spillover1","rp",79,"spillover1 rp",1,1,0,NA,"Ambiguous","Match",NA
"16045",23,9,"spillover1","rp",79,"spillover1 rp",3,0,316,316,"Unambiguous","Match",316
"16047",23,15,"spillover1","rp",79,"spillover1 rp",1,0,246,246,"Ambiguous","Match",246
"16049",23,1,"spillover1","rp",79,"spillover1 rp",3,0,166,166,"Unambiguous","Match",166
"16051",23,10,"spillover1","rp",79,"spillover1 rp",4,0,332,332,"Unambiguous","Mismatch",332
"16053",23,18,"spillover1","rp",79,"spillover1 rp",4,1,0,NA,"Unambiguous","Mismatch",NA
"16055",23,19,"spillover1","rp",79,"spillover1 rp",1,0,215,215,"Ambiguous","Match",215
"16723",24,11,"spillover1","rp",86,"spillover1 rp",4,0,744,744,"Unambiguous","Mismatch",744
"16726",24,13,"spillover1","rp",86,"spillover1 rp",2,0,588,588,"Ambiguous","Mismatch",588
"16728",24,4,"spillover1","rp",86,"spillover1 rp",1,0,420,420,"Ambiguous","Match",420
"16730",24,12,"spillover1","rp",86,"spillover1 rp",1,0,372,372,"Ambiguous","Match",372
"16732",24,16,"spillover1","rp",86,"spillover1 rp",1,0,440,440,"Ambiguous","Match",440
"16734",24,1,"spillover1","rp",86,"spillover1 rp",2,0,256,256,"Ambiguous","Mismatch",256
"16736",24,2,"spillover1","rp",86,"spillover1 rp",3,0,284,284,"Unambiguous","Match",284
"16738",24,18,"spillover1","rp",86,"spillover1 rp",3,0,278,278,"Unambiguous","Match",278
"16740",24,6,"spillover1","rp",86,"spillover1 rp",3,0,500,500,"Unambiguous","Match",500
"16742",24,14,"spillover1","rp",86,"spillover1 rp",3,0,286,286,"Unambiguous","Match",286
"16744",24,23,"spillover1","rp",86,"spillover1 rp",4,0,280,280,"Unambiguous","Mismatch",280
"16746",24,8,"spillover1","rp",86,"spillover1 rp",1,0,558,558,"Ambiguous","Match",558
"16748",24,10,"spillover1","rp",86,"spillover1 rp",3,0,608,608,"Unambiguous","Match",608
"16750",24,7,"spillover1","rp",86,"spillover1 rp",4,0,508,508,"Unambiguous","Mismatch",508
"16752",24,20,"spillover1","rp",86,"spillover1 rp",1,0,428,428,"Ambiguous","Match",428
"16754",24,5,"spillover1","rp",86,"spillover1 rp",2,0,322,322,"Ambiguous","Mismatch",322
"16756",24,17,"spillover1","rp",86,"spillover1 rp",2,0,430,430,"Ambiguous","Mismatch",430
"16758",24,24,"spillover1","rp",86,"spillover1 rp",1,0,278,278,"Ambiguous","Match",278
"16760",24,9,"spillover1","rp",86,"spillover1 rp",2,0,284,284,"Ambiguous","Mismatch",284
"16762",24,19,"spillover1","rp",86,"spillover1 rp",4,0,290,290,"Unambiguous","Mismatch",290
"16764",24,3,"spillover1","rp",86,"spillover1 rp",4,0,976,976,"Unambiguous","Mismatch",976
"16766",24,22,"spillover1","rp",86,"spillover1 rp",3,0,516,516,"Unambiguous","Match",516
"16768",24,15,"spillover1","rp",86,"spillover1 rp",4,0,244,244,"Unambiguous","Mismatch",244
"17435",25,2,"spillover1","rp",52,"spillover1 rp",4,0,180,180,"Unambiguous","Mismatch",180
"17437",25,5,"spillover1","rp",52,"spillover1 rp",3,0,140,140,"Unambiguous","Match",140
"17439",25,17,"spillover1","rp",52,"spillover1 rp",3,0,318,318,"Unambiguous","Match",318
"17441",25,10,"spillover1","rp",52,"spillover1 rp",4,0,164,164,"Unambiguous","Mismatch",164
"17443",25,23,"spillover1","rp",52,"spillover1 rp",1,0,158,158,"Ambiguous","Match",158
"17445",25,18,"spillover1","rp",52,"spillover1 rp",4,0,160,160,"Unambiguous","Mismatch",160
"17447",25,14,"spillover1","rp",52,"spillover1 rp",4,0,168,168,"Unambiguous","Mismatch",168
"17449",25,6,"spillover1","rp",52,"spillover1 rp",4,0,184,184,"Unambiguous","Mismatch",184
"17451",25,16,"spillover1","rp",52,"spillover1 rp",2,0,166,166,"Ambiguous","Mismatch",166
"17453",25,20,"spillover1","rp",52,"spillover1 rp",2,0,172,172,"Ambiguous","Mismatch",172
"17455",25,24,"spillover1","rp",52,"spillover1 rp",2,0,158,158,"Ambiguous","Mismatch",158
"17457",25,22,"spillover1","rp",52,"spillover1 rp",4,0,152,152,"Unambiguous","Mismatch",152
"17459",25,9,"spillover1","rp",52,"spillover1 rp",3,0,176,176,"Unambiguous","Match",176
"17461",25,7,"spillover1","rp",52,"spillover1 rp",1,0,212,212,"Ambiguous","Match",212
"17463",25,15,"spillover1","rp",52,"spillover1 rp",1,0,174,174,"Ambiguous","Match",174
"17465",25,12,"spillover1","rp",52,"spillover1 rp",2,0,142,142,"Ambiguous","Mismatch",142
"17467",25,3,"spillover1","rp",52,"spillover1 rp",1,0,168,168,"Ambiguous","Match",168
"17469",25,4,"spillover1","rp",52,"spillover1 rp",2,0,128,128,"Ambiguous","Mismatch",128
"17471",25,19,"spillover1","rp",52,"spillover1 rp",1,0,146,146,"Ambiguous","Match",146
"17473",25,21,"spillover1","rp",52,"spillover1 rp",3,0,150,150,"Unambiguous","Match",150
"17475",25,11,"spillover1","rp",52,"spillover1 rp",1,0,114,114,"Ambiguous","Match",114
"17477",25,1,"spillover1","rp",52,"spillover1 rp",3,0,174,174,"Unambiguous","Match",174
"17479",25,13,"spillover1","rp",52,"spillover1 rp",3,0,144,144,"Unambiguous","Match",144
"17481",25,8,"spillover1","rp",52,"spillover1 rp",2,0,296,296,"Ambiguous","Mismatch",296
"18155",26,14,"spillover1","rp",83,"spillover1 rp",1,0,214,214,"Ambiguous","Match",214
"18157",26,17,"spillover1","rp",83,"spillover1 rp",4,0,1070,1070,"Unambiguous","Mismatch",NA
"18159",26,20,"spillover1","rp",83,"spillover1 rp",3,0,218,218,"Unambiguous","Match",218
"18161",26,6,"spillover1","rp",83,"spillover1 rp",1,0,330,330,"Ambiguous","Match",330
"18163",26,15,"spillover1","rp",83,"spillover1 rp",2,0,338,338,"Ambiguous","Mismatch",338
"18165",26,23,"spillover1","rp",83,"spillover1 rp",2,0,228,228,"Ambiguous","Mismatch",228
"18167",26,16,"spillover1","rp",83,"spillover1 rp",3,0,396,396,"Unambiguous","Match",396
"18169",26,21,"spillover1","rp",83,"spillover1 rp",4,0,218,218,"Unambiguous","Mismatch",218
"18171",26,24,"spillover1","rp",83,"spillover1 rp",3,0,326,326,"Unambiguous","Match",326
"18173",26,12,"spillover1","rp",83,"spillover1 rp",3,0,278,278,"Unambiguous","Match",278
"18175",26,4,"spillover1","rp",83,"spillover1 rp",3,0,244,244,"Unambiguous","Match",244
"18177",26,18,"spillover1","rp",83,"spillover1 rp",1,0,216,216,"Ambiguous","Match",216
"18179",26,11,"spillover1","rp",83,"spillover1 rp",2,0,194,194,"Ambiguous","Mismatch",194
"18181",26,7,"spillover1","rp",83,"spillover1 rp",2,0,288,288,"Ambiguous","Mismatch",288
"18183",26,1,"spillover1","rp",83,"spillover1 rp",4,0,286,286,"Unambiguous","Mismatch",286
"18185",26,9,"spillover1","rp",83,"spillover1 rp",4,0,440,440,"Unambiguous","Mismatch",440
"18187",26,3,"spillover1","rp",83,"spillover1 rp",2,0,392,392,"Ambiguous","Mismatch",392
"18189",26,19,"spillover1","rp",83,"spillover1 rp",2,0,324,324,"Ambiguous","Mismatch",324
"18191",26,2,"spillover1","rp",83,"spillover1 rp",1,0,242,242,"Ambiguous","Match",242
"18193",26,8,"spillover1","rp",83,"spillover1 rp",3,0,262,262,"Unambiguous","Match",262
"18195",26,5,"spillover1","rp",83,"spillover1 rp",4,0,282,282,"Unambiguous","Mismatch",282
"18197",26,22,"spillover1","rp",83,"spillover1 rp",1,0,256,256,"Ambiguous","Match",256
"18199",26,10,"spillover1","rp",83,"spillover1 rp",1,0,202,202,"Ambiguous","Match",202
"18201",26,13,"spillover1","rp",83,"spillover1 rp",4,0,262,262,"Unambiguous","Mismatch",262
"18875",27,1,"spillover1","rp",63,"spillover1 rp",1,0,336,336,"Ambiguous","Match",336
"18877",27,22,"spillover1","rp",63,"spillover1 rp",2,0,336,336,"Ambiguous","Mismatch",336
"18879",27,6,"spillover1","rp",63,"spillover1 rp",2,0,212,212,"Ambiguous","Mismatch",212
"18881",27,2,"spillover1","rp",63,"spillover1 rp",2,0,166,166,"Ambiguous","Mismatch",166
"18883",27,7,"spillover1","rp",63,"spillover1 rp",3,0,96,96,"Unambiguous","Match",96
"18885",27,19,"spillover1","rp",63,"spillover1 rp",3,0,82,82,"Unambiguous","Match",82
"18887",27,10,"spillover1","rp",63,"spillover1 rp",2,0,188,188,"Ambiguous","Mismatch",188
"18889",27,24,"spillover1","rp",63,"spillover1 rp",4,0,258,258,"Unambiguous","Mismatch",258
"18891",27,17,"spillover1","rp",63,"spillover1 rp",1,0,328,328,"Ambiguous","Match",328
"18893",27,3,"spillover1","rp",63,"spillover1 rp",3,0,328,328,"Unambiguous","Match",328
"18895",27,13,"spillover1","rp",63,"spillover1 rp",1,0,246,246,"Ambiguous","Match",246
"18897",27,8,"spillover1","rp",63,"spillover1 rp",4,0,82,82,"Unambiguous","Mismatch",82
"18899",27,21,"spillover1","rp",63,"spillover1 rp",1,0,82,82,"Ambiguous","Match",82
"18901",27,4,"spillover1","rp",63,"spillover1 rp",4,0,260,260,"Unambiguous","Mismatch",260
"18903",27,9,"spillover1","rp",63,"spillover1 rp",1,0,262,262,"Ambiguous","Match",262
"18905",27,12,"spillover1","rp",63,"spillover1 rp",4,0,224,224,"Unambiguous","Mismatch",224
"18907",27,16,"spillover1","rp",63,"spillover1 rp",4,0,228,228,"Unambiguous","Mismatch",228
"18909",27,20,"spillover1","rp",63,"spillover1 rp",4,0,204,204,"Unambiguous","Mismatch",204
"18911",27,15,"spillover1","rp",63,"spillover1 rp",3,0,370,370,"Unambiguous","Match",370
"18913",27,23,"spillover1","rp",63,"spillover1 rp",3,0,202,202,"Unambiguous","Match",202
"18915",27,14,"spillover1","rp",63,"spillover1 rp",2,0,90,90,"Ambiguous","Mismatch",90
"18917",27,11,"spillover1","rp",63,"spillover1 rp",3,0,232,232,"Unambiguous","Match",232
"18919",27,5,"spillover1","rp",63,"spillover1 rp",1,0,302,302,"Ambiguous","Match",302
"18921",27,18,"spillover1","rp",63,"spillover1 rp",2,0,406,406,"Ambiguous","Mismatch",406
"19594",28,18,"spillover1","rp",85,"spillover1 rp",3,0,322,322,"Unambiguous","Match",322
"19596",28,16,"spillover1","rp",85,"spillover1 rp",1,0,182,182,"Ambiguous","Match",182
"19598",28,21,"spillover1","rp",85,"spillover1 rp",2,0,216,216,"Ambiguous","Mismatch",216
"19600",28,23,"spillover1","rp",85,"spillover1 rp",4,0,422,422,"Unambiguous","Mismatch",422
"19602",28,12,"spillover1","rp",85,"spillover1 rp",1,1,0,NA,"Ambiguous","Match",NA
"19604",28,4,"spillover1","rp",85,"spillover1 rp",1,0,226,226,"Ambiguous","Match",226
"19606",28,1,"spillover1","rp",85,"spillover1 rp",2,0,172,172,"Ambiguous","Mismatch",172
"19608",28,10,"spillover1","rp",85,"spillover1 rp",3,0,220,220,"Unambiguous","Match",220
"19610",28,24,"spillover1","rp",85,"spillover1 rp",1,0,174,174,"Ambiguous","Match",174
"19612",28,7,"spillover1","rp",85,"spillover1 rp",4,1,0,NA,"Unambiguous","Mismatch",NA
"19614",28,8,"spillover1","rp",85,"spillover1 rp",1,0,208,208,"Ambiguous","Match",208
"19616",28,14,"spillover1","rp",85,"spillover1 rp",3,0,242,242,"Unambiguous","Match",242
"19618",28,11,"spillover1","rp",85,"spillover1 rp",4,0,218,218,"Unambiguous","Mismatch",218
"19620",28,2,"spillover1","rp",85,"spillover1 rp",3,1,0,NA,"Unambiguous","Match",NA
"19622",28,17,"spillover1","rp",85,"spillover1 rp",2,0,196,196,"Ambiguous","Mismatch",196
"19624",28,13,"spillover1","rp",85,"spillover1 rp",2,1,0,NA,"Ambiguous","Mismatch",NA
"19626",28,19,"spillover1","rp",85,"spillover1 rp",4,0,192,192,"Unambiguous","Mismatch",192
"19628",28,20,"spillover1","rp",85,"spillover1 rp",1,0,210,210,"Ambiguous","Match",210
"19630",28,22,"spillover1","rp",85,"spillover1 rp",3,0,216,216,"Unambiguous","Match",216
"19632",28,9,"spillover1","rp",85,"spillover1 rp",2,0,170,170,"Ambiguous","Mismatch",170
"19634",28,3,"spillover1","rp",85,"spillover1 rp",4,0,214,214,"Unambiguous","Mismatch",214
"19636",28,6,"spillover1","rp",85,"spillover1 rp",3,0,164,164,"Unambiguous","Match",164
"19638",28,15,"spillover1","rp",85,"spillover1 rp",4,0,186,186,"Unambiguous","Mismatch",186
"19640",28,5,"spillover1","rp",85,"spillover1 rp",2,0,238,238,"Ambiguous","Mismatch",238
"20308",29,18,"spillover1","rp",85,"spillover1 rp",4,0,212,212,"Unambiguous","Mismatch",212
"20310",29,3,"spillover1","rp",85,"spillover1 rp",1,0,220,220,"Ambiguous","Match",220
"20312",29,12,"spillover1","rp",85,"spillover1 rp",2,0,172,172,"Ambiguous","Mismatch",172
"20314",29,20,"spillover1","rp",85,"spillover1 rp",2,0,254,254,"Ambiguous","Mismatch",254
"20316",29,9,"spillover1","rp",85,"spillover1 rp",3,0,186,186,"Unambiguous","Match",186
"20318",29,1,"spillover1","rp",85,"spillover1 rp",3,0,286,286,"Unambiguous","Match",286
"20320",29,14,"spillover1","rp",85,"spillover1 rp",4,0,240,240,"Unambiguous","Mismatch",240
"20322",29,16,"spillover1","rp",85,"spillover1 rp",2,0,264,264,"Ambiguous","Mismatch",264
"20324",29,17,"spillover1","rp",85,"spillover1 rp",3,0,266,266,"Unambiguous","Match",266
"20326",29,24,"spillover1","rp",85,"spillover1 rp",2,0,410,410,"Ambiguous","Mismatch",410
"20328",29,5,"spillover1","rp",85,"spillover1 rp",3,0,260,260,"Unambiguous","Match",260
"20330",29,6,"spillover1","rp",85,"spillover1 rp",4,0,262,262,"Unambiguous","Mismatch",262
"20332",29,19,"spillover1","rp",85,"spillover1 rp",1,0,186,186,"Ambiguous","Match",186
"20334",29,15,"spillover1","rp",85,"spillover1 rp",1,0,168,168,"Ambiguous","Match",168
"20336",29,11,"spillover1","rp",85,"spillover1 rp",1,0,174,174,"Ambiguous","Match",174
"20338",29,22,"spillover1","rp",85,"spillover1 rp",4,1,0,NA,"Unambiguous","Mismatch",NA
"20341",29,4,"spillover1","rp",85,"spillover1 rp",2,0,208,208,"Ambiguous","Mismatch",208
"20343",29,23,"spillover1","rp",85,"spillover1 rp",1,0,146,146,"Ambiguous","Match",146
"20345",29,21,"spillover1","rp",85,"spillover1 rp",3,0,214,214,"Unambiguous","Match",214
"20347",29,7,"spillover1","rp",85,"spillover1 rp",1,0,274,274,"Ambiguous","Match",274
"20349",29,13,"spillover1","rp",85,"spillover1 rp",3,0,324,324,"Unambiguous","Match",324
"20351",29,8,"spillover1","rp",85,"spillover1 rp",2,0,366,366,"Ambiguous","Mismatch",366
"20353",29,2,"spillover1","rp",85,"spillover1 rp",4,0,162,162,"Unambiguous","Mismatch",162
"21019",30,23,"spillover1","rp",60,"spillover1 rp",2,0,288,288,"Ambiguous","Mismatch",288
"21021",30,24,"spillover1","rp",60,"spillover1 rp",3,1,0,NA,"Unambiguous","Match",NA
"21023",30,2,"spillover1","rp",60,"spillover1 rp",1,0,518,518,"Ambiguous","Match",518
"21025",30,8,"spillover1","rp",60,"spillover1 rp",3,0,190,190,"Unambiguous","Match",190
"21027",30,9,"spillover1","rp",60,"spillover1 rp",4,0,918,918,"Unambiguous","Mismatch",918
"21029",30,14,"spillover1","rp",60,"spillover1 rp",1,1,0,NA,"Ambiguous","Match",NA
"21031",30,20,"spillover1","rp",60,"spillover1 rp",3,0,132,132,"Unambiguous","Match",132
"21033",30,3,"spillover1","rp",60,"spillover1 rp",2,0,178,178,"Ambiguous","Mismatch",178
"21035",30,13,"spillover1","rp",60,"spillover1 rp",4,0,200,200,"Unambiguous","Mismatch",200
"21037",30,16,"spillover1","rp",60,"spillover1 rp",3,0,280,280,"Unambiguous","Match",280
"21039",30,15,"spillover1","rp",60,"spillover1 rp",2,0,160,160,"Ambiguous","Mismatch",160
"21041",30,12,"spillover1","rp",60,"spillover1 rp",3,0,736,736,"Unambiguous","Match",736
"21043",30,21,"spillover1","rp",60,"spillover1 rp",4,1,0,NA,"Unambiguous","Mismatch",NA
"21045",30,19,"spillover1","rp",60,"spillover1 rp",2,0,334,334,"Ambiguous","Mismatch",334
"21047",30,5,"spillover1","rp",60,"spillover1 rp",4,0,212,212,"Unambiguous","Mismatch",212
"21049",30,7,"spillover1","rp",60,"spillover1 rp",2,0,722,722,"Ambiguous","Mismatch",722
"21051",30,1,"spillover1","rp",60,"spillover1 rp",4,0,1140,1140,"Unambiguous","Mismatch",1140
"21053",30,17,"spillover1","rp",60,"spillover1 rp",4,0,170,170,"Unambiguous","Mismatch",170
"21055",30,4,"spillover1","rp",60,"spillover1 rp",3,0,196,196,"Unambiguous","Match",196
"21057",30,18,"spillover1","rp",60,"spillover1 rp",1,0,348,348,"Ambiguous","Match",348
"21059",30,22,"spillover1","rp",60,"spillover1 rp",1,0,546,546,"Ambiguous","Match",546
"21061",30,10,"spillover1","rp",60,"spillover1 rp",1,0,320,320,"Ambiguous","Match",320
"21063",30,6,"spillover1","rp",60,"spillover1 rp",1,0,162,162,"Ambiguous","Match",162
"21065",30,11,"spillover1","rp",60,"spillover1 rp",2,0,556,556,"Ambiguous","Mismatch",556
"21739",31,18,"spillover1","rp",59,"spillover1 rp",2,0,286,286,"Ambiguous","Mismatch",286
"21741",31,7,"spillover1","rp",59,"spillover1 rp",3,0,274,274,"Unambiguous","Match",274
"21743",31,19,"spillover1","rp",59,"spillover1 rp",3,0,210,210,"Unambiguous","Match",210
"21745",31,15,"spillover1","rp",59,"spillover1 rp",3,0,312,312,"Unambiguous","Match",312
"21747",31,16,"spillover1","rp",59,"spillover1 rp",4,0,348,348,"Unambiguous","Mismatch",348
"21749",31,8,"spillover1","rp",59,"spillover1 rp",4,0,310,310,"Unambiguous","Mismatch",310
"21751",31,13,"spillover1","rp",59,"spillover1 rp",1,0,934,934,"Ambiguous","Match",NA
"21753",31,17,"spillover1","rp",59,"spillover1 rp",1,0,474,474,"Ambiguous","Match",474
"21755",31,23,"spillover1","rp",59,"spillover1 rp",3,0,404,404,"Unambiguous","Match",404
"21757",31,21,"spillover1","rp",59,"spillover1 rp",1,0,132,132,"Ambiguous","Match",132
"21759",31,14,"spillover1","rp",59,"spillover1 rp",2,0,170,170,"Ambiguous","Mismatch",170
"21761",31,10,"spillover1","rp",59,"spillover1 rp",2,0,178,178,"Ambiguous","Mismatch",178
"21763",31,3,"spillover1","rp",59,"spillover1 rp",3,0,172,172,"Unambiguous","Match",172
"21765",31,22,"spillover1","rp",59,"spillover1 rp",2,0,242,242,"Ambiguous","Mismatch",242
"21767",31,4,"spillover1","rp",59,"spillover1 rp",4,0,160,160,"Unambiguous","Mismatch",160
"21769",31,24,"spillover1","rp",59,"spillover1 rp",4,0,194,194,"Unambiguous","Mismatch",194
"21771",31,6,"spillover1","rp",59,"spillover1 rp",2,0,306,306,"Ambiguous","Mismatch",306
"21773",31,20,"spillover1","rp",59,"spillover1 rp",4,0,152,152,"Unambiguous","Mismatch",152
"21775",31,2,"spillover1","rp",59,"spillover1 rp",2,0,386,386,"Ambiguous","Mismatch",386
"21777",31,9,"spillover1","rp",59,"spillover1 rp",1,0,276,276,"Ambiguous","Match",276
"21779",31,1,"spillover1","rp",59,"spillover1 rp",1,0,142,142,"Ambiguous","Match",142
"21781",31,12,"spillover1","rp",59,"spillover1 rp",4,0,488,488,"Unambiguous","Mismatch",488
"21783",31,5,"spillover1","rp",59,"spillover1 rp",1,0,262,262,"Ambiguous","Match",262
"21785",31,11,"spillover1","rp",59,"spillover1 rp",3,0,234,234,"Unambiguous","Match",234
"22460",32,19,"spillover1","rp",71,"spillover1 rp",4,0,408,408,"Unambiguous","Mismatch",408
"22462",32,6,"spillover1","rp",71,"spillover1 rp",3,0,296,296,"Unambiguous","Match",296
"22464",32,3,"spillover1","rp",71,"spillover1 rp",4,0,204,204,"Unambiguous","Mismatch",204
"22466",32,13,"spillover1","rp",71,"spillover1 rp",2,0,270,270,"Ambiguous","Mismatch",270
"22468",32,17,"spillover1","rp",71,"spillover1 rp",2,0,470,470,"Ambiguous","Mismatch",470
"22470",32,8,"spillover1","rp",71,"spillover1 rp",1,0,272,272,"Ambiguous","Match",272
"22472",32,9,"spillover1","rp",71,"spillover1 rp",2,0,220,220,"Ambiguous","Mismatch",220
"22474",32,12,"spillover1","rp",71,"spillover1 rp",1,0,270,270,"Ambiguous","Match",270
"22476",32,24,"spillover1","rp",71,"spillover1 rp",1,0,250,250,"Ambiguous","Match",250
"22478",32,7,"spillover1","rp",71,"spillover1 rp",4,0,574,574,"Unambiguous","Mismatch",574
"22480",32,16,"spillover1","rp",71,"spillover1 rp",1,0,270,270,"Ambiguous","Match",270
"22482",32,23,"spillover1","rp",71,"spillover1 rp",4,0,444,444,"Unambiguous","Mismatch",444
"22484",32,21,"spillover1","rp",71,"spillover1 rp",2,0,318,318,"Ambiguous","Mismatch",318
"22486",32,15,"spillover1","rp",71,"spillover1 rp",4,0,204,204,"Unambiguous","Mismatch",204
"22488",32,22,"spillover1","rp",71,"spillover1 rp",3,0,450,450,"Unambiguous","Match",450
"22490",32,4,"spillover1","rp",71,"spillover1 rp",1,0,368,368,"Ambiguous","Match",368
"22492",32,11,"spillover1","rp",71,"spillover1 rp",4,0,202,202,"Unambiguous","Mismatch",202
"22494",32,1,"spillover1","rp",71,"spillover1 rp",2,0,240,240,"Ambiguous","Mismatch",240
"22496",32,18,"spillover1","rp",71,"spillover1 rp",3,0,226,226,"Unambiguous","Match",226
"22498",32,20,"spillover1","rp",71,"spillover1 rp",1,0,292,292,"Ambiguous","Match",292
"22500",32,10,"spillover1","rp",71,"spillover1 rp",3,0,218,218,"Unambiguous","Match",218
"22502",32,2,"spillover1","rp",71,"spillover1 rp",3,0,358,358,"Unambiguous","Match",358
"22504",32,14,"spillover1","rp",71,"spillover1 rp",3,0,242,242,"Unambiguous","Match",242
"22506",32,5,"spillover1","rp",71,"spillover1 rp",2,0,348,348,"Ambiguous","Mismatch",348
"23179",33,5,"spillover1","rp",93,"spillover1 rp",3,0,742,742,"Unambiguous","Match",742
"23181",33,24,"spillover1","rp",93,"spillover1 rp",2,0,432,432,"Ambiguous","Mismatch",432
"23183",33,1,"spillover1","rp",93,"spillover1 rp",3,0,360,360,"Unambiguous","Match",360
"23185",33,2,"spillover1","rp",93,"spillover1 rp",4,0,2236,2236,"Unambiguous","Mismatch",2236
"23187",33,12,"spillover1","rp",93,"spillover1 rp",2,0,350,350,"Ambiguous","Mismatch",350
"23189",33,15,"spillover1","rp",93,"spillover1 rp",1,0,490,490,"Ambiguous","Match",490
"23191",33,8,"spillover1","rp",93,"spillover1 rp",2,0,342,342,"Ambiguous","Mismatch",342
"23193",33,22,"spillover1","rp",93,"spillover1 rp",4,0,324,324,"Unambiguous","Mismatch",324
"23195",33,6,"spillover1","rp",93,"spillover1 rp",4,0,3620,3620,"Unambiguous","Mismatch",NA
"23197",33,23,"spillover1","rp",93,"spillover1 rp",1,0,470,470,"Ambiguous","Match",470
"23199",33,9,"spillover1","rp",93,"spillover1 rp",3,0,482,482,"Unambiguous","Match",482
"23201",33,21,"spillover1","rp",93,"spillover1 rp",3,0,492,492,"Unambiguous","Match",492
"23203",33,4,"spillover1","rp",93,"spillover1 rp",2,0,628,628,"Ambiguous","Mismatch",628
"23205",33,16,"spillover1","rp",93,"spillover1 rp",2,0,276,276,"Ambiguous","Mismatch",276
"23207",33,18,"spillover1","rp",93,"spillover1 rp",4,0,184,184,"Unambiguous","Mismatch",184
"23209",33,19,"spillover1","rp",93,"spillover1 rp",1,0,398,398,"Ambiguous","Match",398
"23211",33,17,"spillover1","rp",93,"spillover1 rp",3,0,200,200,"Unambiguous","Match",200
"23213",33,14,"spillover1","rp",93,"spillover1 rp",4,1,0,NA,"Unambiguous","Mismatch",NA
"23215",33,10,"spillover1","rp",93,"spillover1 rp",4,0,1312,1312,"Unambiguous","Mismatch",1312
"23217",33,11,"spillover1","rp",93,"spillover1 rp",1,0,142,142,"Ambiguous","Match",142
"23219",33,13,"spillover1","rp",93,"spillover1 rp",3,1,0,NA,"Unambiguous","Match",NA
"23221",33,20,"spillover1","rp",93,"spillover1 rp",2,0,284,284,"Ambiguous","Mismatch",284
"23223",33,7,"spillover1","rp",93,"spillover1 rp",1,0,234,234,"Ambiguous","Match",234
"23225",33,3,"spillover1","rp",93,"spillover1 rp",1,0,572,572,"Ambiguous","Match",572
"23900",34,11,"spillover1","rp",57,"spillover1 rp",2,0,197,197,"Ambiguous","Mismatch",197
"23902",34,8,"spillover1","rp",57,"spillover1 rp",3,0,227,227,"Unambiguous","Match",227
"23904",34,15,"spillover1","rp",57,"spillover1 rp",2,0,388,388,"Ambiguous","Mismatch",388
"23906",34,20,"spillover1","rp",57,"spillover1 rp",3,0,256,256,"Unambiguous","Match",256
"23908",34,12,"spillover1","rp",57,"spillover1 rp",3,0,137,137,"Unambiguous","Match",137
"23910",34,24,"spillover1","rp",57,"spillover1 rp",3,0,348,348,"Unambiguous","Match",348
"23912",34,2,"spillover1","rp",57,"spillover1 rp",1,0,151,151,"Ambiguous","Match",151
"23914",34,10,"spillover1","rp",57,"spillover1 rp",1,0,201,201,"Ambiguous","Match",201
"23916",34,4,"spillover1","rp",57,"spillover1 rp",3,0,297,297,"Unambiguous","Match",297
"23918",34,6,"spillover1","rp",57,"spillover1 rp",1,0,179,179,"Ambiguous","Match",179
"23920",34,22,"spillover1","rp",57,"spillover1 rp",1,0,137,137,"Ambiguous","Match",137
"23922",34,17,"spillover1","rp",57,"spillover1 rp",4,0,170,170,"Unambiguous","Mismatch",170
"23924",34,16,"spillover1","rp",57,"spillover1 rp",3,0,159,159,"Unambiguous","Match",159
"23926",34,14,"spillover1","rp",57,"spillover1 rp",1,0,142,142,"Ambiguous","Match",142
"23928",34,1,"spillover1","rp",57,"spillover1 rp",4,0,187,187,"Unambiguous","Mismatch",187
"23930",34,21,"spillover1","rp",57,"spillover1 rp",4,1,0,NA,"Unambiguous","Mismatch",NA
"23932",34,19,"spillover1","rp",57,"spillover1 rp",2,0,171,171,"Ambiguous","Mismatch",171
"23934",34,23,"spillover1","rp",57,"spillover1 rp",2,1,0,NA,"Ambiguous","Mismatch",NA
"23936",34,3,"spillover1","rp",57,"spillover1 rp",2,0,171,171,"Ambiguous","Mismatch",171
"23938",34,18,"spillover1","rp",57,"spillover1 rp",1,1,0,NA,"Ambiguous","Match",NA
"23940",34,9,"spillover1","rp",57,"spillover1 rp",4,0,175,175,"Unambiguous","Mismatch",175
"23942",34,13,"spillover1","rp",57,"spillover1 rp",4,0,273,273,"Unambiguous","Mismatch",273
"23944",34,7,"spillover1","rp",57,"spillover1 rp",2,0,266,266,"Ambiguous","Mismatch",266
"23946",34,5,"spillover1","rp",57,"spillover1 rp",4,0,450,450,"Unambiguous","Mismatch",450
"24620",35,16,"spillover1","rp",60,"spillover1 rp",3,0,176,176,"Unambiguous","Match",176
"24622",35,9,"spillover1","rp",60,"spillover1 rp",4,0,556,556,"Unambiguous","Mismatch",556
"24624",35,11,"spillover1","rp",60,"spillover1 rp",2,0,374,374,"Ambiguous","Mismatch",374
"24626",35,17,"spillover1","rp",60,"spillover1 rp",4,0,256,256,"Unambiguous","Mismatch",256
"24628",35,3,"spillover1","rp",60,"spillover1 rp",2,0,372,372,"Ambiguous","Mismatch",372
"24630",35,13,"spillover1","rp",60,"spillover1 rp",4,0,286,286,"Unambiguous","Mismatch",286
"24632",35,10,"spillover1","rp",60,"spillover1 rp",1,0,288,288,"Ambiguous","Match",288
"24634",35,4,"spillover1","rp",60,"spillover1 rp",3,0,184,184,"Unambiguous","Match",184
"24636",35,20,"spillover1","rp",60,"spillover1 rp",3,0,250,250,"Unambiguous","Match",250
"24638",35,18,"spillover1","rp",60,"spillover1 rp",1,0,244,244,"Ambiguous","Match",244
"24640",35,2,"spillover1","rp",60,"spillover1 rp",1,0,394,394,"Ambiguous","Match",394
"24642",35,24,"spillover1","rp",60,"spillover1 rp",3,1,0,NA,"Unambiguous","Match",NA
"24644",35,21,"spillover1","rp",60,"spillover1 rp",4,0,570,570,"Unambiguous","Mismatch",570
"24646",35,1,"spillover1","rp",60,"spillover1 rp",4,0,206,206,"Unambiguous","Mismatch",206
"24648",35,7,"spillover1","rp",60,"spillover1 rp",2,0,178,178,"Ambiguous","Mismatch",178
"24650",35,5,"spillover1","rp",60,"spillover1 rp",4,0,330,330,"Unambiguous","Mismatch",330
"24652",35,19,"spillover1","rp",60,"spillover1 rp",2,1,0,NA,"Ambiguous","Mismatch",NA
"24654",35,15,"spillover1","rp",60,"spillover1 rp",2,0,724,724,"Ambiguous","Mismatch",724
"24656",35,22,"spillover1","rp",60,"spillover1 rp",1,0,462,462,"Ambiguous","Match",462
"24658",35,14,"spillover1","rp",60,"spillover1 rp",1,0,244,244,"Ambiguous","Match",244
"24660",35,23,"spillover1","rp",60,"spillover1 rp",2,0,372,372,"Ambiguous","Mismatch",372
"24662",35,12,"spillover1","rp",60,"spillover1 rp",3,0,280,280,"Unambiguous","Match",280
"24664",35,6,"spillover1","rp",60,"spillover1 rp",1,0,184,184,"Ambiguous","Match",184
"24666",35,8,"spillover1","rp",60,"spillover1 rp",3,0,168,168,"Unambiguous","Match",168
"25339",36,6,"spillover1","rp",65,"spillover1 rp",2,0,222,222,"Ambiguous","Mismatch",222
"25341",36,18,"spillover1","rp",65,"spillover1 rp",2,0,502,502,"Ambiguous","Mismatch",502
"25343",36,10,"spillover1","rp",65,"spillover1 rp",2,0,178,178,"Ambiguous","Mismatch",178
"25345",36,17,"spillover1","rp",65,"spillover1 rp",1,1,0,NA,"Ambiguous","Match",NA
"25347",36,12,"spillover1","rp",65,"spillover1 rp",4,0,226,226,"Unambiguous","Mismatch",226
"25349",36,23,"spillover1","rp",65,"spillover1 rp",3,0,258,258,"Unambiguous","Match",258
"25351",36,2,"spillover1","rp",65,"spillover1 rp",2,0,588,588,"Ambiguous","Mismatch",588
"25353",36,11,"spillover1","rp",65,"spillover1 rp",3,0,153,153,"Unambiguous","Match",153
"25355",36,5,"spillover1","rp",65,"spillover1 rp",1,0,287,287,"Ambiguous","Match",287
"25357",36,22,"spillover1","rp",65,"spillover1 rp",2,0,153,153,"Ambiguous","Mismatch",153
"25359",36,24,"spillover1","rp",65,"spillover1 rp",4,0,282,282,"Unambiguous","Mismatch",282
"25361",36,1,"spillover1","rp",65,"spillover1 rp",1,1,0,NA,"Ambiguous","Match",NA
"25363",36,19,"spillover1","rp",65,"spillover1 rp",3,1,0,NA,"Unambiguous","Match",NA
"25365",36,16,"spillover1","rp",65,"spillover1 rp",4,0,209,209,"Unambiguous","Mismatch",209
"25367",36,9,"spillover1","rp",65,"spillover1 rp",1,0,218,218,"Ambiguous","Match",218
"25369",36,21,"spillover1","rp",65,"spillover1 rp",1,0,217,217,"Ambiguous","Match",217
"25371",36,8,"spillover1","rp",65,"spillover1 rp",4,0,221,221,"Unambiguous","Mismatch",221
"25373",36,7,"spillover1","rp",65,"spillover1 rp",3,0,197,197,"Unambiguous","Match",197
"25375",36,3,"spillover1","rp",65,"spillover1 rp",3,0,163,163,"Unambiguous","Match",163
"25377",36,20,"spillover1","rp",65,"spillover1 rp",4,1,0,NA,"Unambiguous","Mismatch",NA
"25379",36,13,"spillover1","rp",65,"spillover1 rp",1,0,228,228,"Ambiguous","Match",228
"25381",36,14,"spillover1","rp",65,"spillover1 rp",2,0,170,170,"Ambiguous","Mismatch",170
"25383",36,4,"spillover1","rp",65,"spillover1 rp",4,0,131,131,"Unambiguous","Mismatch",131
"25385",36,15,"spillover1","rp",65,"spillover1 rp",3,0,156,156,"Unambiguous","Match",156
"26060",37,21,"spillover1","rp",64,"spillover1 rp",2,0,443,443,"Ambiguous","Mismatch",443
"26062",37,3,"spillover1","rp",64,"spillover1 rp",4,0,220,220,"Unambiguous","Mismatch",220
"26064",37,23,"spillover1","rp",64,"spillover1 rp",4,0,1656,1656,"Unambiguous","Mismatch",NA
"26066",37,1,"spillover1","rp",64,"spillover1 rp",2,0,178,178,"Ambiguous","Mismatch",178
"26068",37,8,"spillover1","rp",64,"spillover1 rp",1,0,210,210,"Ambiguous","Match",210
"26070",37,20,"spillover1","rp",64,"spillover1 rp",1,0,496,496,"Ambiguous","Match",496
"26072",37,16,"spillover1","rp",64,"spillover1 rp",1,0,219,219,"Ambiguous","Match",219
"26074",37,14,"spillover1","rp",64,"spillover1 rp",3,0,257,257,"Unambiguous","Match",257
"26076",37,22,"spillover1","rp",64,"spillover1 rp",3,1,0,NA,"Unambiguous","Match",NA
"26078",37,11,"spillover1","rp",64,"spillover1 rp",4,0,264,264,"Unambiguous","Mismatch",264
"26080",37,2,"spillover1","rp",64,"spillover1 rp",3,0,208,208,"Unambiguous","Match",208
"26082",37,24,"spillover1","rp",64,"spillover1 rp",1,0,283,283,"Ambiguous","Match",283
"26084",37,9,"spillover1","rp",64,"spillover1 rp",2,0,525,525,"Ambiguous","Mismatch",525
"26086",37,17,"spillover1","rp",64,"spillover1 rp",2,0,879,879,"Ambiguous","Mismatch",879
"26088",37,18,"spillover1","rp",64,"spillover1 rp",3,0,778,778,"Unambiguous","Match",778
"26090",37,5,"spillover1","rp",64,"spillover1 rp",2,0,206,206,"Ambiguous","Mismatch",206
"26092",37,6,"spillover1","rp",64,"spillover1 rp",3,0,166,166,"Unambiguous","Match",166
"26094",37,13,"spillover1","rp",64,"spillover1 rp",2,0,648,648,"Ambiguous","Mismatch",648
"26096",37,12,"spillover1","rp",64,"spillover1 rp",1,0,226,226,"Ambiguous","Match",226
"26098",37,10,"spillover1","rp",64,"spillover1 rp",3,1,0,NA,"Unambiguous","Match",NA
"26100",37,7,"spillover1","rp",64,"spillover1 rp",4,0,227,227,"Unambiguous","Mismatch",227
"26102",37,19,"spillover1","rp",64,"spillover1 rp",4,0,291,291,"Unambiguous","Mismatch",291
"26104",37,4,"spillover1","rp",64,"spillover1 rp",1,1,0,NA,"Ambiguous","Match",NA
"26106",37,15,"spillover1","rp",64,"spillover1 rp",4,0,342,342,"Unambiguous","Mismatch",342
"26780",38,14,"spillover1","rp",80,"spillover1 rp",4,0,269,269,"Unambiguous","Mismatch",269
"26782",38,12,"spillover1","rp",80,"spillover1 rp",2,1,0,NA,"Ambiguous","Mismatch",NA
"26784",38,10,"spillover1","rp",80,"spillover1 rp",4,0,224,224,"Unambiguous","Mismatch",224
"26786",38,20,"spillover1","rp",80,"spillover1 rp",2,0,203,203,"Ambiguous","Mismatch",203
"26788",38,4,"spillover1","rp",80,"spillover1 rp",2,0,171,171,"Ambiguous","Mismatch",171
"26790",38,5,"spillover1","rp",80,"spillover1 rp",3,1,0,NA,"Unambiguous","Match",NA
"26792",38,16,"spillover1","rp",80,"spillover1 rp",2,0,271,271,"Ambiguous","Mismatch",271
"26794",38,18,"spillover1","rp",80,"spillover1 rp",4,0,197,197,"Unambiguous","Mismatch",197
"26796",38,17,"spillover1","rp",80,"spillover1 rp",3,0,229,229,"Unambiguous","Match",229
"26798",38,15,"spillover1","rp",80,"spillover1 rp",1,1,0,NA,"Ambiguous","Match",NA
"26800",38,3,"spillover1","rp",80,"spillover1 rp",1,0,255,255,"Ambiguous","Match",255
"26802",38,1,"spillover1","rp",80,"spillover1 rp",3,1,0,NA,"Unambiguous","Match",NA
"26804",38,23,"spillover1","rp",80,"spillover1 rp",1,0,329,329,"Ambiguous","Match",329
"26806",38,2,"spillover1","rp",80,"spillover1 rp",4,0,207,207,"Unambiguous","Mismatch",207
"26808",38,24,"spillover1","rp",80,"spillover1 rp",2,1,0,NA,"Ambiguous","Mismatch",NA
"26810",38,7,"spillover1","rp",80,"spillover1 rp",1,0,259,259,"Ambiguous","Match",259
"26812",38,13,"spillover1","rp",80,"spillover1 rp",3,1,0,NA,"Unambiguous","Match",NA
"26814",38,6,"spillover1","rp",80,"spillover1 rp",4,0,226,226,"Unambiguous","Mismatch",226
"26816",38,19,"spillover1","rp",80,"spillover1 rp",1,0,179,179,"Ambiguous","Match",179
"26818",38,11,"spillover1","rp",80,"spillover1 rp",1,1,0,NA,"Ambiguous","Match",NA
"26820",38,9,"spillover1","rp",80,"spillover1 rp",3,0,230,230,"Unambiguous","Match",230
"26822",38,21,"spillover1","rp",80,"spillover1 rp",3,0,188,188,"Unambiguous","Match",188
"26824",38,22,"spillover1","rp",80,"spillover1 rp",4,1,0,NA,"Unambiguous","Mismatch",NA
"26826",38,8,"spillover1","rp",80,"spillover1 rp",2,0,291,291,"Ambiguous","Mismatch",291
"27499",39,15,"spillover1","rp",83,"spillover1 rp",2,0,251,251,"Ambiguous","Mismatch",251
"27501",39,7,"spillover1","rp",83,"spillover1 rp",2,0,414,414,"Ambiguous","Mismatch",414
"27503",39,1,"spillover1","rp",83,"spillover1 rp",4,0,283,283,"Unambiguous","Mismatch",283
"27505",39,3,"spillover1","rp",83,"spillover1 rp",2,0,273,273,"Ambiguous","Mismatch",273
"27507",39,6,"spillover1","rp",83,"spillover1 rp",1,1,0,NA,"Ambiguous","Match",NA
"27509",39,2,"spillover1","rp",83,"spillover1 rp",1,0,224,224,"Ambiguous","Match",224
"27511",39,20,"spillover1","rp",83,"spillover1 rp",3,0,114,114,"Unambiguous","Match",114
"27513",39,23,"spillover1","rp",83,"spillover1 rp",2,0,288,288,"Ambiguous","Mismatch",288
"27515",39,16,"spillover1","rp",83,"spillover1 rp",3,0,253,253,"Unambiguous","Match",253
"27517",39,13,"spillover1","rp",83,"spillover1 rp",4,1,0,NA,"Unambiguous","Mismatch",NA
"27519",39,24,"spillover1","rp",83,"spillover1 rp",3,0,172,172,"Unambiguous","Match",172
"27521",39,14,"spillover1","rp",83,"spillover1 rp",1,0,164,164,"Ambiguous","Match",164
"27523",39,22,"spillover1","rp",83,"spillover1 rp",1,0,101,101,"Ambiguous","Match",101
"27525",39,4,"spillover1","rp",83,"spillover1 rp",3,0,389,389,"Unambiguous","Match",389
"27527",39,17,"spillover1","rp",83,"spillover1 rp",4,0,213,213,"Unambiguous","Mismatch",213
"27529",39,5,"spillover1","rp",83,"spillover1 rp",4,0,220,220,"Unambiguous","Mismatch",220
"27531",39,11,"spillover1","rp",83,"spillover1 rp",2,0,285,285,"Ambiguous","Mismatch",285
"27533",39,18,"spillover1","rp",83,"spillover1 rp",1,0,343,343,"Ambiguous","Match",343
"27535",39,19,"spillover1","rp",83,"spillover1 rp",2,0,198,198,"Ambiguous","Mismatch",198
"27537",39,21,"spillover1","rp",83,"spillover1 rp",4,0,179,179,"Unambiguous","Mismatch",179
"27539",39,10,"spillover1","rp",83,"spillover1 rp",1,0,205,205,"Ambiguous","Match",205
"27541",39,9,"spillover1","rp",83,"spillover1 rp",4,0,1337,1337,"Unambiguous","Mismatch",1337
"27543",39,8,"spillover1","rp",83,"spillover1 rp",3,0,314,314,"Unambiguous","Match",314
"27545",39,12,"spillover1","rp",83,"spillover1 rp",3,0,1038,1038,"Unambiguous","Match",1038
"28220",40,13,"spillover1","rp",75,"spillover1 rp",1,0,190,190,"Ambiguous","Match",190
"28222",40,18,"spillover1","rp",75,"spillover1 rp",2,0,294,294,"Ambiguous","Mismatch",294
"28224",40,9,"spillover1","rp",75,"spillover1 rp",1,0,164,164,"Ambiguous","Match",164
"28226",40,1,"spillover1","rp",75,"spillover1 rp",1,0,113,113,"Ambiguous","Match",113
"28228",40,7,"spillover1","rp",75,"spillover1 rp",3,0,185,185,"Unambiguous","Match",185
"28230",40,5,"spillover1","rp",75,"spillover1 rp",1,0,172,172,"Ambiguous","Match",172
"28232",40,4,"spillover1","rp",75,"spillover1 rp",4,0,165,165,"Unambiguous","Mismatch",165
"28234",40,24,"spillover1","rp",75,"spillover1 rp",4,0,171,171,"Unambiguous","Mismatch",171
"28236",40,15,"spillover1","rp",75,"spillover1 rp",3,0,159,159,"Unambiguous","Match",159
"28238",40,19,"spillover1","rp",75,"spillover1 rp",3,1,0,NA,"Unambiguous","Match",NA
"28240",40,20,"spillover1","rp",75,"spillover1 rp",4,0,176,176,"Unambiguous","Mismatch",176
"28242",40,16,"spillover1","rp",75,"spillover1 rp",4,1,0,NA,"Unambiguous","Mismatch",NA
"28244",40,8,"spillover1","rp",75,"spillover1 rp",4,0,179,179,"Unambiguous","Mismatch",179
"28246",40,23,"spillover1","rp",75,"spillover1 rp",3,1,0,NA,"Unambiguous","Match",NA
"28248",40,10,"spillover1","rp",75,"spillover1 rp",2,1,0,NA,"Ambiguous","Mismatch",NA
"28250",40,21,"spillover1","rp",75,"spillover1 rp",1,1,0,NA,"Ambiguous","Match",NA
"28252",40,3,"spillover1","rp",75,"spillover1 rp",3,0,137,137,"Unambiguous","Match",137
"28254",40,17,"spillover1","rp",75,"spillover1 rp",1,1,0,NA,"Ambiguous","Match",NA
"28256",40,2,"spillover1","rp",75,"spillover1 rp",2,1,0,NA,"Ambiguous","Mismatch",NA
"28258",40,22,"spillover1","rp",75,"spillover1 rp",2,0,121,121,"Ambiguous","Mismatch",121
"28260",40,12,"spillover1","rp",75,"spillover1 rp",4,1,0,NA,"Unambiguous","Mismatch",NA
"28262",40,6,"spillover1","rp",75,"spillover1 rp",2,1,0,NA,"Ambiguous","Mismatch",NA
"28264",40,11,"spillover1","rp",75,"spillover1 rp",3,1,0,NA,"Unambiguous","Match",NA
"28266",40,14,"spillover1","rp",75,"spillover1 rp",2,0,175,175,"Ambiguous","Mismatch",175
